SalePrice,OverallQual,TotalSF,YearBuilt,GarageCars,Nbr_CollgCr,Nbr_Crawfor,Nbr_Mitchel,Nbr_NoRidge,Nbr_Veenker,Age,TotalSF_log
105000.0,6,2892,1976,1,False,True,False,False,False,49,2892
172000.0,1,3891,1952,3,False,False,False,False,True,73,3891
189900.0,4,3465,2008,3,True,False,False,False,False,17,3465
195500.0,4,3064,2008,1,False,False,True,False,False,17,3064
191500.0,8,2963,1972,0,False,False,True,False,False,53,2963
175900.0,4,1255,1996,0,False,False,False,False,True,29,1255
185000.0,6,2751,1969,0,True,False,False,False,False,56,2751
180400.0,3,3225,2007,1,False,False,True,False,False,18,3225
171500.0,5,2299,1968,1,False,False,False,False,True,57,2299
126000.0,8,1822,1984,2,False,False,False,False,True,41,1822
184000.0,7,2735,1981,0,False,False,False,True,False,44,2735
96000.0,9,3283,1953,0,True,False,False,False,False,72,3283
105500.0,9,810,1950,3,False,False,False,True,False,75,810
149900.0,2,2493,1977,0,False,False,False,False,True,48,2493
120000.0,7,1959,1998,1,False,False,False,True,False,27,1959
376162.0,8,3142,1996,2,False,False,False,True,False,29,3142
290941.0,8,3655,1972,2,False,False,False,False,True,53,3655
275000.0,9,2317,2002,0,False,False,True,False,False,23,2317
259000.0,2,2349,1953,1,False,True,False,False,False,72,2349
500000.0,6,3769,1982,0,False,False,True,False,False,43,3769
320000.0,9,2893,1961,0,True,False,False,False,False,64,2893
205000.0,5,801,1998,2,False,False,True,False,False,27,801
199500.0,4,3939,1974,2,False,False,False,False,True,51,3939
160000.0,1,2124,1978,1,False,False,False,True,False,47,2124
184500.0,4,2471,1990,3,True,False,False,False,False,35,2471
185088.0,6,1839,1959,3,True,False,False,False,False,66,1839
355000.0,1,2464,1952,0,True,False,False,False,False,73,2464
221500.0,3,1678,1964,0,False,False,False,True,False,61,1678
204500.0,4,3177,2009,1,False,False,True,False,False,16,3177
271500.0,9,3487,2002,0,False,False,False,True,False,23,3487
181000.0,2,1133,1960,1,False,True,False,False,False,65,1133
67500.0,4,916,1954,3,True,False,False,False,False,71,916
169000.0,4,2322,1959,1,False,False,False,False,True,66,2322
362500.0,4,2178,1995,1,False,False,False,True,False,30,2178
285000.0,8,3899,1976,2,True,False,False,False,False,49,3899
260000.0,1,596,1993,0,False,False,False,True,False,32,596
190000.0,2,2225,1958,3,False,False,False,True,False,67,2225
155000.0,1,1013,1987,2,False,False,True,False,False,38,1013
149500.0,5,2979,1990,3,False,False,False,True,False,35,2979
152000.0,8,3952,1984,2,False,False,False,False,True,41,3952
177000.0,4,2913,1994,1,False,True,False,False,False,31,2913
147110.0,3,3690,2004,1,False,True,False,False,False,21,3690
267916.0,8,3743,1988,0,False,False,False,True,False,37,3743
254000.0,3,3022,1977,3,False,False,False,True,False,48,3022
230000.0,1,1539,1998,1,False,False,False,True,False,27,1539
218500.0,1,1726,2008,3,False,True,False,False,False,17,1726
243500.0,5,2633,2008,0,False,False,False,True,False,17,2633
212500.0,6,606,1999,0,False,False,True,False,False,26,606
171000.0,6,2130,2003,0,False,False,False,True,False,22,2130
142250.0,7,756,1969,0,False,False,False,False,True,56,756
159000.0,9,2117,1985,0,False,False,False,False,True,40,2117
178900.0,5,3758,1986,3,False,True,False,False,False,39,3758
136300.0,2,3584,1960,1,False,False,False,False,True,65,3584
84900.0,5,1743,1999,2,False,True,False,False,False,26,1743
197600.0,9,3359,1968,0,False,False,False,False,True,57,3359
172500.0,2,1450,1954,2,False,True,False,False,False,71,1450
178000.0,2,2929,1974,0,True,False,False,False,False,51,2929
135000.0,8,931,1965,2,False,False,False,False,True,60,931
214000.0,4,1290,1999,2,False,False,False,True,False,26,1290
136000.0,7,3347,1980,0,False,True,False,False,False,45,3347
108538.0,8,872,1963,1,False,True,False,False,False,62,872
159500.0,3,3606,2001,3,False,False,True,False,False,24,3606
108000.0,1,2518,1966,1,True,False,False,False,False,59,2518
135000.0,4,3896,2005,1,True,False,False,False,False,20,3896
122500.0,6,1330,1990,3,False,False,False,True,False,35,1330
119000.0,5,2720,1995,1,False,True,False,False,False,30,2720
105000.0,5,1221,1961,3,True,False,False,False,False,64,1221
132000.0,7,2788,1984,2,True,False,False,False,False,41,2788
148000.0,5,3939,1967,0,False,False,True,False,False,58,3939
192000.0,5,698,1956,0,False,False,False,True,False,69,698
80400.0,4,762,1974,3,False,False,False,True,False,51,762
109500.0,5,1917,1979,1,True,False,False,False,False,46,1917
143000.0,5,577,1979,3,False,False,False,False,True,46,577
119000.0,9,2220,1952,0,False,False,True,False,False,73,2220
129000.0,5,2941,1961,0,False,False,False,False,True,64,2941
100000.0,4,969,2008,0,False,False,True,False,False,17,969
12789.0,8,2358,1996,2,False,False,False,False,True,29,2358
150000.0,6,3069,1990,0,False,False,False,True,False,35,3069
240000.0,6,1634,1967,3,False,True,False,False,False,58,1634
76500.0,1,3564,1989,0,False,False,False,True,False,36,3564
140750.0,2,1688,1959,1,True,False,False,False,False,66,1688
128500.0,6,784,1993,2,False,False,False,False,True,32,784
209500.0,4,2024,1976,3,True,False,False,False,False,49,2024
87000.0,1,3636,1970,2,False,False,False,True,False,55,3636
134000.0,6,1470,2007,0,False,False,False,False,True,18,1470
128000.0,1,1392,1954,3,False,False,True,False,False,71,1392
132000.0,2,1665,1992,3,False,True,False,False,False,33,1665
139900.0,3,3807,1952,0,False,False,False,True,False,73,3807
123900.0,5,2038,2002,2,False,False,False,True,False,23,2038
138400.0,3,2969,1989,0,False,True,False,False,False,36,2969
109500.0,1,3515,1969,0,False,False,False,True,False,56,3515
149500.0,4,3659,2002,1,False,False,False,False,True,23,3659
159900.0,3,2258,1957,2,False,False,False,False,True,68,2258
122000.0,1,2039,1981,1,False,False,False,True,False,44,2039
173000.0,8,611,1982,1,False,False,False,False,True,43,611
107500.0,6,2518,1954,1,False,False,False,True,False,71,2518
100000.0,1,3396,2002,2,False,False,False,True,False,23,3396
95000.0,3,2279,1977,3,False,False,True,False,False,48,2279
93369.0,8,1094,1974,0,False,True,False,False,False,51,1094
114900.0,3,1318,1992,1,False,False,False,False,True,33,1318
136000.0,3,2481,2005,0,False,True,False,False,False,20,2481
137900.0,4,3038,1958,1,False,False,True,False,False,67,3038
137250.0,4,1478,1994,0,True,False,False,False,False,31,1478
160250.0,3,528,2003,1,False,False,False,True,False,22,528
163000.0,4,2327,1976,0,False,False,False,False,True,49,2327
270000.0,5,809,1988,3,True,False,False,False,False,37,809
85000.0,2,3941,1977,0,True,False,False,False,False,48,3941
230000.0,3,1883,1984,3,False,False,False,False,True,41,1883
124000.0,2,2078,1993,1,True,False,False,False,False,32,2078
144500.0,5,697,1962,3,False,False,False,True,False,63,697
127000.0,7,3088,1997,0,False,False,False,True,False,28,3088
128000.0,9,627,1958,3,False,False,False,True,False,67,627
308030.0,3,671,1990,1,False,False,True,False,False,35,671
114000.0,4,1607,2006,1,True,False,False,False,False,19,1607
270000.0,1,562,1995,2,False,False,False,True,False,30,562
218000.0,1,3390,1982,1,False,False,True,False,False,43,3390
187000.0,7,3774,1950,0,False,False,False,True,False,75,3774
138500.0,1,3197,1997,0,False,False,False,True,False,28,3197
159000.0,7,1743,1967,2,False,False,False,False,True,58,1743
191000.0,4,1239,1962,2,False,False,False,True,False,63,1239
150000.0,4,3391,1966,1,False,False,False,True,False,59,3391
127000.0,9,3412,2003,0,False,False,False,True,False,22,3412
318000.0,9,666,2006,2,False,False,False,True,False,19,666
240000.0,9,2579,1961,0,False,False,False,True,False,64,2579
143750.0,3,3954,1965,2,False,True,False,False,False,60,3954
84900.0,4,2383,1978,0,False,True,False,False,False,47,2383
155891.0,3,2349,2001,0,False,False,True,False,False,24,2349
144000.0,1,3593,1950,2,False,False,True,False,False,75,3593
64000.0,9,2919,1996,0,False,False,True,False,False,29,2919
125200.0,9,1375,1978,1,False,True,False,False,False,47,1375
90000.0,4,2903,1986,1,False,False,True,False,False,39,2903
104000.0,9,3741,1968,0,False,False,False,False,True,57,3741
126000.0,3,2798,1967,1,True,False,False,False,False,58,2798
160000.0,9,3825,1975,3,False,False,False,False,True,50,3825
100000.0,5,3292,1990,0,True,False,False,False,False,35,3292
257500.0,4,2344,1975,3,True,False,False,False,False,50,2344
215000.0,1,779,1954,3,False,False,False,True,False,71,779
203135.0,5,1646,1960,1,False,False,True,False,False,65,1646
185000.0,4,3809,1983,3,True,False,False,False,False,42,3809
162500.0,7,1328,1972,2,False,False,False,True,False,53,1328
82000.0,9,1315,1983,0,False,False,False,False,True,42,1315
110000.0,1,2179,1996,0,False,False,False,True,False,29,2179
50138.0,9,1560,1968,3,True,False,False,False,False,57,1560
246000.0,6,2485,1985,1,False,False,False,True,False,40,2485
254900.0,1,3154,1998,3,False,False,False,True,False,27,3154
190000.0,7,2521,1970,3,False,False,False,False,True,55,2521
170000.0,6,1310,1955,2,False,False,False,False,True,70,1310
220000.0,4,1012,2008,3,True,False,False,False,False,17,1012
179781.0,2,3450,1985,3,False,False,False,True,False,40,3450
174000.0,9,1233,1997,0,False,True,False,False,False,28,1233
169000.0,1,3639,1963,2,False,False,False,True,False,62,3639
173500.0,5,787,1990,0,True,False,False,False,False,35,787
166500.0,7,3345,1989,1,False,True,False,False,False,36,3345
119500.0,6,2564,1980,1,False,False,False,True,False,45,2564
76000.0,8,2487,1961,3,False,False,False,False,True,64,2487
88250.0,9,2830,1958,2,True,False,False,False,False,67,2830
85500.0,9,1786,2007,3,False,False,False,True,False,18,1786
130000.0,3,733,1976,3,False,False,False,False,True,49,733
149900.0,9,767,1990,1,True,False,False,False,False,35,767
159000.0,7,3909,1981,2,False,True,False,False,False,44,3909
136000.0,7,3371,1976,1,False,True,False,False,False,49,3371
161000.0,2,1393,2000,3,True,False,False,False,False,25,1393
285000.0,7,1823,1987,2,False,False,False,False,True,38,1823
231000.0,9,2871,1969,3,False,True,False,False,False,56,2871
124500.0,9,1032,2005,3,True,False,False,False,False,20,1032
157000.0,4,975,1981,1,False,False,False,True,False,44,975
189500.0,3,1011,1956,2,True,False,False,False,False,69,1011
270000.0,4,3179,2001,1,True,False,False,False,False,24,3179
189000.0,7,2000,1987,2,True,False,False,False,False,38,2000
375000.0,4,770,1961,3,False,False,False,False,True,64,770
240000.0,7,770,1965,3,False,False,True,False,False,60,770
239500.0,6,2628,1994,0,False,False,False,True,False,31,2628
177500.0,8,947,2003,2,False,False,False,False,True,22,947
191000.0,1,873,1954,3,True,False,False,False,False,71,873
181316.0,9,543,1985,1,False,False,False,True,False,40,543
166000.0,5,3727,2000,1,False,False,False,False,True,25,3727
185000.0,7,3930,1967,0,False,True,False,False,False,58,3930
154000.0,6,1416,1994,1,False,False,False,True,False,31,1416
200000.0,9,1519,1975,0,False,False,True,False,False,50,1519
249000.0,3,3083,2004,2,False,False,True,False,False,21,3083
184000.0,4,1814,2008,1,False,False,False,True,False,17,1814
240900.0,8,3860,1962,0,False,False,False,True,False,63,3860
220000.0,6,3381,1950,3,True,False,False,False,False,75,3381
235000.0,4,1802,1982,0,True,False,False,False,False,43,1802
213000.0,5,3337,1956,1,True,False,False,False,False,69,3337
167900.0,6,941,1985,0,False,False,False,True,False,40,941
158000.0,4,3128,1991,0,False,False,True,False,False,34,3128
128000.0,4,1500,1990,2,False,True,False,False,False,35,1500
143000.0,8,1292,1969,2,False,False,True,False,False,56,1292
76500.0,8,2890,2009,2,True,False,False,False,False,16,2890
130000.0,4,2821,1985,0,False,False,False,False,True,40,2821
111000.0,3,3321,1979,1,False,False,True,False,False,46,3321
97000.0,4,1749,1992,2,True,False,False,False,False,33,1749
146000.0,8,842,1973,1,False,False,False,True,False,52,842
123000.0,8,750,1975,2,False,True,False,False,False,50,750
137900.0,6,2302,1970,0,False,False,False,False,True,55,2302
147000.0,2,3122,2009,2,False,False,True,False,False,16,3122
138000.0,3,2065,1994,1,True,False,False,False,False,31,2065
128500.0,3,639,1958,0,False,False,True,False,False,67,639
148800.0,9,2706,1988,3,False,True,False,False,False,37,2706
462000.0,2,827,1972,3,False,False,False,False,True,53,827
398800.0,6,1490,1989,1,False,False,True,False,False,36,1490
404000.0,9,2590,2000,0,False,True,False,False,False,25,2590
610000.0,5,2875,2003,1,False,False,False,False,True,22,2875
360000.0,1,1165,1965,2,False,False,True,False,False,60,1165
296000.0,3,992,1954,0,True,False,False,False,False,71,992
409900.0,6,1322,1961,1,False,True,False,False,False,64,1322
335000.0,6,1642,1976,0,True,False,False,False,False,49,1642
300000.0,1,839,1961,1,False,True,False,False,False,64,839
324000.0,9,2573,1976,1,True,False,False,False,False,49,2573
269500.0,2,2721,1962,0,True,False,False,False,False,63,2721
445000.0,2,1901,1978,3,False,False,True,False,False,47,1901
290000.0,1,990,1950,2,False,False,True,False,False,75,990
255900.0,4,3703,1955,3,True,False,False,False,False,70,3703
213000.0,9,1384,2007,0,False,True,False,False,False,18,1384
184500.0,9,3528,1988,2,False,False,True,False,False,37,3528
212500.0,5,1351,1963,1,False,False,True,False,False,62,1351
552000.0,5,2797,1972,3,True,False,False,False,False,53,2797
382500.0,1,3097,2009,0,False,True,False,False,False,16,3097
320000.0,4,2709,2009,3,True,False,False,False,False,16,2709
248500.0,8,2992,1974,0,False,False,False,True,False,51,2992
286500.0,4,1376,1976,2,True,False,False,False,False,49,1376
173000.0,3,2043,1955,3,False,True,False,False,False,70,2043
184000.0,2,3504,1968,2,False,False,True,False,False,57,3504
167800.0,2,2713,1994,0,False,False,True,False,False,31,2713
180000.0,3,3566,1996,0,False,False,False,False,True,29,3566
170000.0,2,854,1978,1,True,False,False,False,False,47,854
189500.0,5,2820,1953,0,False,False,True,False,False,72,2820
195500.0,3,2209,1973,3,False,False,False,True,False,52,2209
192000.0,6,2012,1959,0,False,False,True,False,False,66,2012
178000.0,6,3739,2001,0,False,False,False,True,False,24,3739
257500.0,6,2357,1955,1,False,False,True,False,False,70,2357
167000.0,3,2749,1976,2,False,False,True,False,False,49,2749
190000.0,6,2635,1983,0,False,True,False,False,False,42,2635
156000.0,8,1848,1951,0,False,False,True,False,False,74,1848
245000.0,8,2828,1982,1,False,False,False,True,False,43,2828
168000.0,7,1530,1970,3,False,True,False,False,False,55,1530
327000.0,2,1894,2007,0,False,False,True,False,False,18,1894
315000.0,7,1267,1997,2,False,True,False,False,False,28,1267
260000.0,8,3788,1977,1,False,False,True,False,False,48,3788
263550.0,3,2609,1992,3,False,False,False,False,True,33,2609
275000.0,4,3560,1962,1,False,True,False,False,False,63,3560
257500.0,2,3759,1981,0,False,False,False,True,False,44,3759
275500.0,6,3006,1995,0,False,False,False,False,True,30,3006
245000.0,3,1297,1977,2,False,False,True,False,False,48,1297
468000.0,1,1763,2008,1,False,False,True,False,False,17,1763
225000.0,2,1516,1953,1,False,False,False,False,True,72,1516
229800.0,1,528,2001,1,True,False,False,False,False,24,528
250000.0,7,3724,1970,3,False,False,False,False,True,55,3724
238500.0,1,3959,1960,1,False,False,False,True,False,65,3959
270000.0,5,966,2001,1,False,False,True,False,False,24,966
264500.0,9,2185,1959,3,False,True,False,False,False,66,2185
291000.0,5,3834,1955,2,True,False,False,False,False,70,3834
234500.0,4,2632,1963,2,False,True,False,False,False,62,2632
209000.0,4,1801,1990,2,False,False,False,False,True,35,1801
159000.0,9,3855,1967,1,False,False,True,False,False,58,3855
152000.0,9,3470,2008,3,False,False,False,True,False,17,3470
143500.0,8,948,1995,3,False,False,False,False,True,30,948
193000.0,1,2914,1975,2,False,False,False,False,True,50,2914
203000.0,4,2935,1953,1,False,True,False,False,False,72,2935
159000.0,9,2345,1950,2,False,True,False,False,False,75,2345
142000.0,8,3353,2004,0,False,False,True,False,False,21,3353
153000.0,8,2555,1964,0,False,True,False,False,False,61,2555
224243.0,2,1900,2002,1,True,False,False,False,False,23,1900
220000.0,9,3908,1964,2,False,False,True,False,False,61,3908
171500.0,5,3199,1973,0,False,False,False,True,False,52,3199
145000.0,8,2528,1956,3,True,False,False,False,False,69,2528
184000.0,1,2934,1965,1,False,False,False,False,True,60,2934
162000.0,5,3882,1955,0,False,True,False,False,False,70,3882
160000.0,1,2041,2004,0,False,False,False,True,False,21,2041
110000.0,7,3333,1950,3,False,False,True,False,False,75,3333
141000.0,5,2425,1989,1,False,True,False,False,False,36,2425
122000.0,3,3394,1957,0,True,False,False,False,False,68,3394
124100.0,5,1605,1967,0,False,False,False,False,True,58,1605
129000.0,7,1757,1982,1,False,False,False,False,True,43,1757
123000.0,4,610,2008,1,False,True,False,False,False,17,610
275000.0,4,3168,1979,1,False,False,True,False,False,46,3168
235000.0,8,1554,1981,3,False,False,True,False,False,44,1554
280750.0,9,2295,1965,0,False,True,False,False,False,60,2295
222000.0,6,628,1961,2,False,True,False,False,False,64,628
195000.0,1,2385,1993,1,False,True,False,False,False,32,2385
180000.0,9,2848,1981,2,False,False,False,True,False,44,2848
156000.0,6,3232,1968,3,False,True,False,False,False,57,3232
318750.0,5,1760,1993,2,False,False,False,True,False,32,1760
241600.0,8,3175,1988,0,True,False,False,False,False,37,3175
180500.0,5,3505,1972,3,False,True,False,False,False,53,3505
206000.0,2,2802,1957,3,False,True,False,False,False,68,2802
256900.0,4,3572,2002,1,False,False,True,False,False,23,3572
163000.0,4,2961,1985,0,False,True,False,False,False,40,2961
113000.0,3,2127,1969,1,False,False,False,True,False,56,2127
230000.0,6,1430,1955,1,False,False,False,True,False,70,1430
130000.0,3,1510,1999,2,False,True,False,False,False,26,1510
143000.0,4,3559,1950,0,False,False,False,True,False,75,3559
168500.0,6,1752,1993,2,False,True,False,False,False,32,1752
172500.0,8,1711,1951,0,True,False,False,False,False,74,1711
141500.0,3,1545,2000,2,False,False,False,True,False,25,1545
118000.0,8,563,2003,1,False,False,False,True,False,22,563
140000.0,2,2258,2008,1,False,False,False,True,False,17,2258
177625.0,7,2137,1964,1,False,False,False,True,False,61,2137
153000.0,6,3205,2002,0,False,True,False,False,False,23,3205
145100.0,1,3610,2007,1,False,True,False,False,False,18,3610
177500.0,1,2243,1968,0,True,False,False,False,False,57,2243
174500.0,4,3445,1991,2,False,True,False,False,False,34,3445
122000.0,2,2691,1956,2,False,False,False,True,False,69,2691
175000.0,7,3549,1986,2,True,False,False,False,False,39,3549
187500.0,7,3274,1993,1,False,False,False,False,True,32,3274
256000.0,8,2273,1999,0,False,False,True,False,False,26,2273
150000.0,9,1760,1982,1,True,False,False,False,False,43,1760
176000.0,9,2473,1961,1,False,False,True,False,False,64,2473
149500.0,8,3978,1973,1,False,False,False,True,False,52,3978
120000.0,1,1985,2009,0,False,False,False,False,True,16,1985
153000.0,9,3174,1974,0,False,False,True,False,False,51,3174
144000.0,7,3747,2000,1,True,False,False,False,False,25,3747
135000.0,9,2230,1958,1,False,True,False,False,False,67,2230
131000.0,9,767,2003,0,False,False,True,False,False,22,767
126000.0,4,2429,1969,1,False,True,False,False,False,56,2429
113000.0,7,3046,1952,0,False,False,True,False,False,73,3046
145500.0,2,3356,2000,3,False,False,False,True,False,25,3356
102900.0,8,1447,1978,3,False,True,False,False,False,47,1447
152500.0,5,547,1988,2,False,False,False,False,True,37,547
129900.0,3,1272,2006,2,True,False,False,False,False,19,1272
99900.0,1,2430,1996,1,False,False,False,False,True,29,2430
149000.0,9,2802,1993,0,False,False,True,False,False,32,2802
114000.0,3,1146,1983,0,False,False,True,False,False,42,1146
125000.0,8,3946,2002,1,False,False,False,False,True,23,3946
142900.0,9,3900,1963,1,False,False,True,False,False,62,3900
156500.0,5,3964,1995,0,False,False,False,True,False,30,3964
59000.0,5,2748,1983,2,True,False,False,False,False,42,2748
106000.0,2,992,1960,1,False,False,False,True,False,65,992
78500.0,8,518,2001,0,False,True,False,False,False,24,518
190000.0,7,1526,1973,2,True,False,False,False,False,52,1526
154000.0,5,2745,1963,1,True,False,False,False,False,62,2745
163000.0,2,3793,2001,3,False,False,True,False,False,24,3793
143500.0,6,1005,1996,2,False,True,False,False,False,29,1005
135000.0,8,1753,1980,2,False,False,False,False,True,45,1753
113500.0,2,2136,1950,1,False,True,False,False,False,75,2136
128500.0,4,862,1993,3,False,False,False,False,True,32,862
128000.0,6,2705,1957,0,False,True,False,False,False,68,2705
118900.0,8,1679,1953,0,False,True,False,False,False,72,1679
138000.0,4,3205,1996,0,False,False,False,False,True,29,3205
133500.0,7,942,1950,2,False,False,False,True,False,75,942
135000.0,7,895,1981,3,False,False,True,False,False,44,895
144750.0,8,3877,1958,2,False,False,True,False,False,67,3877
145000.0,2,1852,1953,2,False,False,True,False,False,72,1852
127000.0,7,844,1961,1,False,False,False,False,True,64,844
128900.0,1,2039,1973,1,False,False,True,False,False,52,2039
103500.0,4,2148,1970,3,True,False,False,False,False,55,2148
130000.0,9,2559,1951,3,False,True,False,False,False,74,2559
129000.0,5,631,1956,1,False,False,False,False,True,69,631
150000.0,2,3544,1996,2,False,False,False,False,True,29,3544
94550.0,5,2480,1954,1,True,False,False,False,False,71,2480
103000.0,6,2459,1992,1,False,True,False,False,False,33,2459
129500.0,1,2034,1985,2,False,False,True,False,False,40,2034
80000.0,4,2505,1997,2,False,False,False,False,True,28,2505
45000.0,2,657,1972,3,False,False,False,False,True,53,657
99500.0,5,3497,1980,2,False,False,False,False,True,45,3497
87500.0,5,567,1988,0,False,False,False,False,True,37,567
160000.0,5,2092,1961,3,False,False,False,False,True,64,2092
119000.0,1,2751,2002,1,False,False,False,False,True,23,2751
58500.0,1,3947,1984,3,True,False,False,False,False,41,3947
119000.0,9,1603,2005,1,False,False,False,False,True,20,1603
146500.0,5,2849,1953,2,False,False,False,True,False,72,2849
44000.0,7,1102,1999,3,False,True,False,False,False,26,1102
149000.0,4,2627,1992,2,False,True,False,False,False,33,2627
137000.0,4,3797,1950,0,False,False,True,False,False,75,3797
93000.0,3,1535,1956,1,False,False,False,False,True,69,1535
115000.0,2,2681,1983,2,False,False,False,False,True,42,2681
150000.0,3,1426,1979,3,True,False,False,False,False,46,1426
126500.0,2,3758,1971,0,False,False,False,True,False,54,3758
155000.0,4,2104,1964,1,False,True,False,False,False,61,2104
179900.0,5,815,2002,2,False,True,False,False,False,23,815
62500.0,2,1044,1972,3,False,False,True,False,False,53,1044
149000.0,2,3743,1977,1,False,False,False,False,True,48,3743
123000.0,1,1137,1953,0,True,False,False,False,False,72,1137
97500.0,8,3888,1999,1,False,False,True,False,False,26,3888
135000.0,9,1057,1980,3,False,False,True,False,False,45,1057
70000.0,5,2833,1989,0,False,False,True,False,False,36,2833
116000.0,4,750,1996,2,True,False,False,False,False,29,750
88750.0,6,1679,1973,0,True,False,False,False,False,52,1679
179000.0,7,1295,1974,2,False,False,False,False,True,51,1295
159900.0,4,1553,1993,0,True,False,False,False,False,32,1553
63000.0,3,626,1963,1,False,False,True,False,False,62,626
113500.0,9,2620,1982,2,False,False,False,False,True,43,2620
149900.0,2,1599,1982,3,False,False,True,False,False,43,1599
165000.0,5,2645,2000,3,False,False,True,False,False,25,2645
148000.0,1,3778,2004,0,False,True,False,False,False,21,3778
165000.0,9,3839,1999,1,True,False,False,False,False,26,3839
63900.0,4,2282,1975,3,False,True,False,False,False,50,2282
122000.0,6,2580,1959,1,False,True,False,False,False,66,2580
121500.0,6,2214,1987,3,False,False,True,False,False,38,2214
154400.0,2,3612,1994,3,True,False,False,False,False,31,3612
125000.0,8,1722,1967,0,False,False,True,False,False,58,1722
139500.0,9,2834,1973,1,False,False,False,True,False,52,2834
162000.0,7,2186,1985,3,False,False,True,False,False,40,2186
156500.0,5,1647,2009,2,False,False,True,False,False,16,1647
239900.0,8,1815,2007,1,True,False,False,False,False,18,1815
131000.0,4,968,1985,1,False,False,True,False,False,40,968
147983.0,6,3512,1984,3,False,False,True,False,False,41,3512
118858.0,4,2099,1970,0,False,True,False,False,False,55,2099
148325.0,7,1272,1955,2,False,False,True,False,False,70,1272
113722.0,5,1189,1970,0,True,False,False,False,False,55,1189
269500.0,8,1384,1956,3,False,True,False,False,False,69,1384
269500.0,4,1681,1958,3,False,False,False,False,True,67,1681
269500.0,1,2227,1950,2,False,False,False,False,True,75,2227
323262.0,6,3377,1994,2,False,False,True,False,False,31,3377
332000.0,4,1103,1975,1,False,True,False,False,False,50,1103
239900.0,8,3783,1988,1,False,False,False,True,False,37,3783
272500.0,6,860,1957,1,False,False,False,False,True,68,860
200000.0,6,2638,1959,3,False,True,False,False,False,66,2638
221800.0,9,1085,2008,1,False,False,False,False,True,17,1085
237000.0,1,2470,1956,3,False,True,False,False,False,69,2470
173000.0,9,2771,1979,0,False,False,True,False,False,46,2771
233500.0,4,2309,1955,0,False,True,False,False,False,70,2309
143000.0,7,2235,1986,3,False,True,False,False,False,39,2235
207000.0,4,3559,1979,2,True,False,False,False,False,46,3559
200000.0,3,3351,1989,1,False,False,True,False,False,36,3351
203000.0,8,701,1969,2,False,False,False,True,False,56,701
201000.0,1,2256,1997,0,False,False,False,False,True,28,2256
140000.0,4,2596,1972,3,False,True,False,False,False,53,2596
134900.0,1,875,1953,3,False,True,False,False,False,72,875
250000.0,4,3515,1957,3,False,False,True,False,False,68,3515
254750.0,7,3177,2006,3,True,False,False,False,False,19,3177
198500.0,2,3127,1979,1,False,False,False,False,True,46,3127
211000.0,3,2866,1970,1,False,False,False,True,False,55,2866
220000.0,5,3516,1958,3,False,True,False,False,False,67,3516
279500.0,2,2841,1968,1,True,False,False,False,False,57,2841
210000.0,4,3577,1972,0,False,False,False,False,True,53,3577
293200.0,3,555,1972,2,False,False,False,False,True,53,555
170000.0,5,1954,1971,1,False,False,False,True,False,54,1954
127000.0,8,2586,1996,1,False,False,True,False,False,29,2586
145500.0,5,1061,1989,2,False,False,False,False,True,36,1061
85000.0,5,2812,2006,2,False,False,False,False,True,19,2812
120000.0,2,1717,1984,3,False,False,False,True,False,41,1717
119900.0,3,1846,1984,2,False,True,False,False,False,41,1846
103500.0,8,1586,1966,1,False,False,True,False,False,59,1586
122000.0,3,2564,1963,1,False,False,False,True,False,62,2564
160000.0,4,1713,1978,3,False,True,False,False,False,47,1713
105000.0,8,694,2006,1,False,False,False,True,False,19,694
147500.0,7,3839,2009,2,False,False,False,True,False,16,3839
137000.0,7,2963,1963,1,False,False,False,True,False,62,2963
205000.0,3,3966,1983,3,True,False,False,False,False,42,3966
155000.0,4,520,2008,0,False,False,False,True,False,17,520
205000.0,7,1624,1976,1,False,True,False,False,False,49,1624
144800.0,1,2306,1963,2,False,True,False,False,False,62,2306
193000.0,9,552,2007,3,False,False,False,False,True,18,552
158000.0,1,955,1960,3,True,False,False,False,False,65,955
224000.0,8,2425,2008,0,False,True,False,False,False,17,2425
115000.0,7,3842,1973,2,True,False,False,False,False,52,3842
137000.0,6,2150,1971,1,False,False,False,False,True,54,2150
121000.0,7,1250,1977,0,True,False,False,False,False,48,1250
208000.0,6,3523,1995,1,False,True,False,False,False,30,3523
315000.0,3,1319,2005,2,False,False,True,False,False,20,1319
123000.0,8,3604,1971,1,True,False,False,False,False,54,3604
75000.0,2,907,1981,1,True,False,False,False,False,44,907
230000.0,3,2285,1988,3,False,False,True,False,False,37,2285
57625.0,3,1359,1968,2,False,False,False,True,False,57,1359
251000.0,6,1274,1977,2,False,False,True,False,False,48,1274
156450.0,7,2237,1976,3,False,False,False,True,False,49,2237
173000.0,5,2668,1973,1,False,False,True,False,False,52,2668
152000.0,3,1589,1957,3,True,False,False,False,False,68,1589
410000.0,3,1599,1963,3,False,False,False,True,False,62,1599
316500.0,2,1355,1970,2,False,False,False,True,False,55,1355
204000.0,1,3056,1980,3,False,False,True,False,False,45,3056
213500.0,1,2234,1985,3,True,False,False,False,False,40,2234
170000.0,3,3356,1960,1,True,False,False,False,False,65,3356
425000.0,9,1560,1985,1,True,False,False,False,False,40,1560
139500.0,4,1408,1955,0,False,False,False,True,False,70,1408
160000.0,1,1431,1987,3,False,False,False,True,False,38,1431
131900.0,9,562,1972,3,False,False,False,True,False,53,562
131250.0,9,1977,1983,3,True,False,False,False,False,42,1977
149000.0,2,2354,1968,1,False,False,False,False,True,57,2354
130000.0,1,942,1950,3,False,False,False,False,True,75,942
173000.0,6,1088,1981,1,False,False,False,True,False,44,1088
187500.0,9,2932,1994,2,False,False,False,True,False,31,2932
165000.0,3,1525,1980,0,True,False,False,False,False,45,1525
195500.0,4,2248,1995,0,True,False,False,False,False,30,2248
173000.0,6,1217,1952,3,False,False,False,False,True,73,1217
177900.0,4,2126,1971,0,False,False,False,False,True,54,2126
247900.0,9,1636,1968,3,False,False,True,False,False,57,1636
180000.0,7,3679,1966,1,True,False,False,False,False,59,3679
183000.0,5,1673,1985,0,False,True,False,False,False,40,1673
185000.0,7,2114,1962,0,False,False,True,False,False,63,2114
188500.0,4,1793,1958,3,True,False,False,False,False,67,1793
355000.0,7,1500,1976,2,False,True,False,False,False,49,1500
387000.0,3,3639,1985,2,False,True,False,False,False,40,3639
115000.0,7,2397,1959,1,False,False,False,True,False,66,2397
334000.0,6,2949,1981,1,False,False,False,True,False,44,2949
133000.0,6,2809,1994,1,False,True,False,False,False,31,2809
226500.0,5,526,1999,2,False,True,False,False,False,26,526
181900.0,7,3251,1993,0,False,False,True,False,False,32,3251
235000.0,6,1935,1997,0,False,True,False,False,False,28,1935
220000.0,2,2273,1950,3,False,False,False,True,False,75,2273
161000.0,4,1025,1995,3,False,False,False,True,False,30,1025
185000.0,4,3361,2004,0,False,False,False,True,False,21,3361
146900.0,9,1068,1970,2,False,False,False,False,True,55,1068
292500.0,6,558,1978,2,False,False,True,False,False,47,558
159900.0,6,3589,1988,2,False,False,True,False,False,37,3589
306000.0,7,1738,1986,3,False,False,True,False,False,39,1738
133000.0,1,3411,1980,2,False,False,False,False,True,45,3411
111900.0,8,3533,1983,0,False,False,True,False,False,42,3533
123000.0,6,2768,1985,3,False,False,False,False,True,40,2768
103400.0,2,3777,1991,3,False,False,False,False,True,34,3777
100500.0,6,891,2004,0,False,True,False,False,False,21,891
111750.0,7,2830,1976,2,False,False,False,False,True,49,2830
143000.0,7,2821,1996,3,True,False,False,False,False,29,2821
148500.0,9,3256,1968,2,True,False,False,False,False,57,3256
317500.0,8,2079,1974,0,False,False,True,False,False,51,2079
417500.0,6,2979,1974,1,True,False,False,False,False,51,2979
383000.0,4,2673,1964,1,False,True,False,False,False,61,2673
390000.0,3,1872,1978,2,True,False,False,False,False,47,1872
460000.0,4,2554,2000,2,False,False,False,False,True,25,2554
379000.0,3,1403,1991,1,True,False,False,False,False,34,1403
250000.0,6,3241,1969,2,False,False,False,True,False,56,3241
316000.0,5,2028,1952,1,False,True,False,False,False,73,2028
615000.0,2,2574,1992,3,False,False,True,False,False,33,2574
284000.0,6,1215,1999,0,False,False,False,True,False,26,1215
421250.0,9,1617,2008,3,False,True,False,False,False,17,1617
370000.0,4,933,1979,0,False,True,False,False,False,46,933
336860.0,6,977,1951,2,False,True,False,False,False,74,977
192000.0,9,3435,1971,1,True,False,False,False,False,54,3435
370967.0,5,2988,2004,2,True,False,False,False,False,21,2988
234250.0,2,939,1967,2,False,False,False,True,False,58,939
219500.0,8,1232,2005,3,False,False,False,True,False,20,1232
155000.0,9,651,1975,0,False,False,False,False,True,50,651
195000.0,2,3245,1964,1,False,False,False,False,True,61,3245
219990.0,3,2173,2007,1,False,False,False,False,True,18,2173
187687.0,2,3188,1972,2,False,True,False,False,False,53,3188
179000.0,2,903,1965,3,False,False,True,False,False,60,903
188000.0,8,3003,2000,0,False,False,False,False,True,25,3003
213000.0,6,3622,1968,1,False,False,False,True,False,57,3622
217300.0,1,3098,1961,1,False,False,True,False,False,64,3098
226750.0,5,3511,2004,2,False,False,False,False,True,21,3511
176000.0,2,2288,1974,0,True,False,False,False,False,51,2288
225000.0,2,3986,1955,1,False,False,False,False,True,70,3986
185900.0,7,2476,1993,0,False,False,False,False,True,32,2476
284500.0,7,2418,1956,2,False,True,False,False,False,69,2418
291000.0,1,1145,1991,2,False,True,False,False,False,34,1145
350000.0,3,559,1993,3,False,False,False,False,True,32,559
279500.0,4,1998,1997,3,False,True,False,False,False,28,1998
290000.0,8,945,1962,1,True,False,False,False,False,63,945
287500.0,3,2323,1962,0,False,False,True,False,False,63,2323
240000.0,5,1466,1995,1,False,False,True,False,False,30,1466
257000.0,1,2893,1987,1,False,True,False,False,False,38,2893
297900.0,7,3775,1968,3,False,False,False,False,True,57,3775
247000.0,3,2181,1959,0,True,False,False,False,False,66,2181
212700.0,5,3603,1958,2,True,False,False,False,False,67,3603
256000.0,8,1171,2003,0,False,False,False,True,False,22,1171
230348.0,4,584,1990,0,False,True,False,False,False,35,584
188000.0,1,590,1958,3,False,False,False,True,False,67,590
192500.0,6,1563,1950,1,False,True,False,False,False,75,1563
146000.0,5,1257,1982,2,False,False,False,True,False,43,1257
170000.0,1,2726,1962,3,False,False,False,False,True,63,2726
182000.0,3,2110,2002,3,False,True,False,False,False,23,2110
163000.0,4,2842,1970,2,False,False,True,False,False,55,2842
189000.0,2,3128,2007,1,False,True,False,False,False,18,3128
190500.0,8,2927,2009,1,False,False,True,False,False,16,2927
175000.0,2,1051,2003,2,False,False,False,True,False,22,1051
128000.0,4,627,2000,1,False,False,False,True,False,25,627
135000.0,5,3779,1965,3,False,False,False,False,True,60,3779
115000.0,2,513,1973,3,False,False,True,False,False,52,513
119916.0,8,1687,2004,0,False,False,False,False,True,21,1687
192000.0,5,986,1994,3,True,False,False,False,False,31,986
140000.0,1,2415,1967,0,False,False,True,False,False,58,2415
290000.0,3,3967,1973,1,False,True,False,False,False,52,3967
372500.0,8,859,1959,0,False,False,True,False,False,66,859
178000.0,5,831,1995,1,False,False,False,True,False,30,831
165000.0,1,2532,1984,2,False,False,False,False,True,41,2532
146000.0,3,2346,1982,1,True,False,False,False,False,43,2346
172900.0,7,1944,1991,2,False,False,False,False,True,34,1944
300000.0,3,1606,1956,1,True,False,False,False,False,69,1606
285000.0,5,2751,2005,1,False,False,False,True,False,20,2751
290000.0,6,3239,1977,0,False,False,False,False,True,48,3239
305000.0,5,2710,1985,0,False,True,False,False,False,40,2710
170000.0,5,2478,1969,0,False,True,False,False,False,56,2478
223000.0,9,580,1988,3,False,False,False,False,True,37,580
170000.0,2,1040,1951,0,False,False,False,False,True,74,1040
200000.0,6,2941,1983,1,True,False,False,False,False,42,2941
345000.0,8,2393,1987,3,False,False,False,False,True,38,2393
217500.0,1,508,1983,3,True,False,False,False,False,42,508
150000.0,2,645,1983,0,False,False,False,False,True,42,645
290000.0,4,2276,1953,3,False,False,False,False,True,72,2276
205000.0,3,736,1972,1,False,False,True,False,False,53,736
183000.0,9,1744,1987,1,True,False,False,False,False,38,1744
150000.0,3,2189,2008,2,False,False,False,True,False,17,2189
215000.0,5,3922,2000,1,False,True,False,False,False,25,3922
140500.0,9,3695,1983,0,True,False,False,False,False,42,3695
141000.0,3,601,1953,2,False,False,False,False,True,72,601
135000.0,9,2223,1963,3,False,True,False,False,False,62,2223
145000.0,8,1903,1984,2,False,False,False,False,True,41,1903
170000.0,9,1517,1965,2,False,False,False,True,False,60,1517
98000.0,3,1583,1993,1,True,False,False,False,False,32,1583
140000.0,4,1710,1983,0,True,False,False,False,False,42,1710
153000.0,4,3846,1980,2,False,False,False,False,True,45,3846
87000.0,7,3072,1991,1,False,False,False,False,True,34,3072
141500.0,1,3445,1978,1,True,False,False,False,False,47,3445
141500.0,4,1807,1959,2,False,False,False,False,True,66,1807
112900.0,7,1022,1961,0,True,False,False,False,False,64,1022
227000.0,4,2487,1975,3,False,False,True,False,False,50,2487
136500.0,7,2481,1998,3,False,False,False,True,False,27,2481
185000.0,4,1284,2007,1,True,False,False,False,False,18,1284
166800.0,3,3855,1959,3,False,False,False,True,False,66,3855
133000.0,3,3184,1982,2,False,False,False,True,False,43,3184
116000.0,3,3060,1971,1,False,False,True,False,False,54,3060
137500.0,7,2555,1986,0,True,False,False,False,False,39,2555
130000.0,5,3213,1961,0,False,False,False,False,True,64,3213
180000.0,7,2615,1985,0,False,False,False,False,True,40,2615
100000.0,1,2351,2006,0,True,False,False,False,False,19,2351
146000.0,5,2920,2007,1,True,False,False,False,False,18,2920
89900.0,3,1011,1994,0,False,False,False,True,False,31,1011
114000.0,2,2968,1952,2,False,False,False,True,False,73,2968
86900.0,7,2976,1982,0,False,True,False,False,False,43,2976
139000.0,2,3173,1978,0,False,False,False,True,False,47,3173
139000.0,8,2282,1986,3,True,False,False,False,False,39,2282
186000.0,6,3059,2006,2,False,True,False,False,False,19,3059
148000.0,7,3772,1960,0,False,False,False,True,False,65,3772
94000.0,2,3171,1985,0,False,False,False,False,True,40,3171
159000.0,7,3738,1979,2,False,False,False,True,False,46,3738
125900.0,7,2462,1993,0,False,False,False,True,False,32,2462
138000.0,7,3541,1991,1,False,False,False,True,False,34,3541
112500.0,7,2616,1973,1,False,False,False,True,False,52,2616
127500.0,3,591,1987,0,False,False,True,False,False,38,591
130000.0,6,1281,1979,1,True,False,False,False,False,46,1281
150000.0,3,3485,1983,2,False,True,False,False,False,42,3485
109500.0,3,828,1985,1,True,False,False,False,False,40,828
136870.0,4,3194,1992,0,False,False,False,True,False,33,3194
143000.0,3,1874,1966,0,False,False,False,False,True,59,1874
122600.0,4,1664,1970,0,False,True,False,False,False,55,1664
111000.0,9,1110,1983,0,True,False,False,False,False,42,1110
64000.0,6,2423,1953,2,False,False,False,False,True,72,2423
139500.0,5,2780,1981,0,False,False,False,True,False,44,2780
118000.0,6,2809,1995,2,False,False,False,False,True,30,2809
119164.0,2,1963,1986,2,True,False,False,False,False,39,1963
122250.0,6,3473,1958,0,False,True,False,False,False,67,3473
120000.0,9,2217,1974,1,True,False,False,False,False,51,2217
155000.0,3,778,1975,3,False,False,False,False,True,50,778
78000.0,6,857,1975,1,False,False,False,False,True,50,857
95000.0,7,3083,1987,1,True,False,False,False,False,38,3083
140000.0,5,751,1960,0,True,False,False,False,False,65,751
46500.0,1,1432,1982,1,True,False,False,False,False,43,1432
65000.0,9,687,1953,2,False,False,False,False,True,72,687
139500.0,6,3606,1971,1,False,False,True,False,False,54,3606
132000.0,6,3514,1990,3,True,False,False,False,False,35,3514
114000.0,6,2938,1963,2,False,False,False,True,False,62,2938
130000.0,2,844,1982,1,False,False,False,False,True,43,844
129400.0,1,2112,1992,3,False,False,True,False,False,33,2112
55000.0,1,1541,1955,2,False,True,False,False,False,70,1541
184000.0,1,2131,1971,1,False,False,True,False,False,54,2131
110000.0,1,2084,1990,1,False,True,False,False,False,35,2084
115500.0,1,3572,1963,3,False,False,True,False,False,62,3572
138000.0,8,3173,1977,3,False,False,False,False,True,48,3173
108000.0,7,3424,1984,2,False,False,False,True,False,41,3424
153000.0,4,3576,1950,3,False,False,False,False,True,75,3576
124000.0,6,1456,2005,1,False,False,True,False,False,20,1456
106900.0,5,2163,2007,1,False,False,True,False,False,18,2163
164900.0,4,3070,1994,3,False,True,False,False,False,31,3070
119000.0,5,1297,1989,3,True,False,False,False,False,36,1297
157000.0,6,1365,1998,3,False,False,False,False,True,27,1365
105000.0,2,2397,1997,1,False,True,False,False,False,28,2397
113000.0,4,1764,2001,3,False,False,True,False,False,24,1764
115000.0,7,2049,2009,3,False,False,True,False,False,16,2049
79000.0,8,775,1967,0,True,False,False,False,False,58,775
123000.0,5,541,1982,0,False,False,False,False,True,43,541
81300.0,1,1728,2006,1,False,False,True,False,False,19,1728
150000.0,1,2599,1982,3,False,False,False,True,False,43,2599
123500.0,8,1631,1961,1,True,False,False,False,False,64,1631
162500.0,4,2692,1992,0,True,False,False,False,False,33,2692
160000.0,4,3302,1956,3,False,True,False,False,False,69,3302
127500.0,1,2050,1968,2,False,True,False,False,False,57,2050
93850.0,1,1176,1983,1,False,True,False,False,False,42,1176
136000.0,5,3686,2001,1,False,False,True,False,False,24,3686
141000.0,5,1656,2002,3,True,False,False,False,False,23,1656
120000.0,6,803,1955,2,False,False,False,False,True,70,803
127500.0,9,2420,1967,2,False,False,False,True,False,58,2420
127000.0,9,3481,2004,2,False,False,True,False,False,21,3481
85000.0,1,754,1960,3,False,False,True,False,False,65,754
82375.0,2,959,1962,3,False,False,False,False,True,63,959
124000.0,6,3360,1991,3,False,False,True,False,False,34,3360
148000.0,7,2105,1967,3,False,False,False,False,True,58,2105
157500.0,2,860,1981,1,False,False,False,False,True,44,860
145000.0,5,994,1953,2,True,False,False,False,False,72,994
153000.0,1,2308,1990,2,False,False,True,False,False,35,2308
120000.0,5,1796,1984,0,False,False,True,False,False,41,1796
152000.0,8,2302,1992,2,False,False,False,True,False,33,2302
95541.0,8,3467,1980,1,False,False,False,False,True,45,3467
144900.0,8,3491,1956,1,False,False,False,True,False,69,3491
185000.0,7,2103,1950,0,False,False,False,True,False,75,2103
145000.0,3,3738,1954,3,False,False,False,True,False,71,3738
152400.0,7,3556,1954,1,False,True,False,False,False,71,3556
144000.0,1,2822,1994,1,True,False,False,False,False,31,2822
245000.0,3,2642,1950,0,False,False,False,False,True,75,2642
125600.0,8,2323,2001,2,False,False,True,False,False,24,2323
260000.0,8,2974,1985,2,False,True,False,False,False,40,2974
159900.0,3,2595,1972,1,False,True,False,False,False,53,2595
99600.0,7,3849,1980,3,False,True,False,False,False,45,3849
134500.0,2,1493,1989,0,False,False,True,False,False,36,1493
260000.0,4,3627,1979,2,False,True,False,False,False,46,3627
226500.0,8,1854,1972,1,False,True,False,False,False,53,1854
225000.0,1,2656,1973,2,False,False,True,False,False,52,2656
229000.0,6,1555,1999,1,True,False,False,False,False,26,1555
177439.0,5,1095,1976,2,False,True,False,False,False,49,1095
248500.0,6,3638,2004,2,False,False,False,False,True,21,3638
475000.0,6,647,2006,1,True,False,False,False,False,19,647
395039.0,4,3731,1961,2,False,False,True,False,False,64,3731
225000.0,9,3335,1952,1,True,False,False,False,False,73,3335
195000.0,1,3355,1971,0,True,False,False,False,False,54,3355
155000.0,2,2459,1962,2,False,False,False,True,False,63,2459
226001.0,6,3121,1966,3,False,False,True,False,False,59,3121
215700.0,5,1109,1952,0,True,False,False,False,False,73,1109
207500.0,2,2792,1977,3,False,False,True,False,False,48,2792
235000.0,6,938,1962,1,False,True,False,False,False,63,938
158000.0,1,1646,2003,3,False,False,True,False,False,22,1646
143195.0,7,3035,2007,2,True,False,False,False,False,18,3035
163000.0,9,2738,2007,3,False,False,True,False,False,18,2738
230500.0,9,2752,1991,3,False,False,False,True,False,34,2752
274000.0,7,1412,1985,2,False,False,False,True,False,40,1412
300000.0,4,580,1950,2,False,False,False,True,False,75,580
240000.0,5,3058,1963,0,False,False,True,False,False,62,3058
207000.0,5,1658,1987,2,True,False,False,False,False,38,1658
145000.0,4,1976,1968,2,False,True,False,False,False,57,1976
185000.0,7,1313,1985,1,False,False,False,False,True,40,1313
186500.0,6,3528,1960,2,False,True,False,False,False,65,3528
218836.0,9,3054,1969,2,False,False,False,True,False,56,3054
193000.0,2,2194,1994,0,True,False,False,False,False,31,2194
123000.0,4,1088,1977,3,False,False,True,False,False,48,1088
165000.0,9,2415,1959,3,False,False,True,False,False,66,2415
135000.0,2,1193,1998,0,True,False,False,False,False,27,1193
147000.0,6,3989,1988,3,True,False,False,False,False,37,3989
160500.0,9,1102,2008,2,False,False,False,True,False,17,1102
284700.0,1,1926,1962,3,False,False,False,True,False,63,1926
82000.0,4,3706,1997,3,True,False,False,False,False,28,3706
82500.0,8,1132,1988,0,False,False,False,True,False,37,1132
91900.0,2,1654,1999,3,False,False,False,False,True,26,1654
120000.0,8,3726,1988,3,False,False,True,False,False,37,3726
96000.0,9,2786,1955,3,False,False,False,True,False,70,2786
99000.0,1,781,1972,2,False,False,False,True,False,53,781
100000.0,8,3073,1962,2,False,False,False,True,False,63,3073
108000.0,6,2483,1952,2,True,False,False,False,False,73,2483
168000.0,7,3279,2009,3,False,False,False,False,True,16,3279
161900.0,9,3122,1950,3,False,False,False,True,False,75,3122
145000.0,8,3629,1999,3,False,False,False,False,True,26,3629
147500.0,6,2841,1974,3,False,False,False,False,True,51,2841
231000.0,2,1441,1992,2,True,False,False,False,False,33,1441
138000.0,1,3977,1979,2,False,False,False,True,False,46,3977
198000.0,1,607,1978,3,False,False,False,False,True,47,607
110000.0,6,1004,1982,0,False,False,False,True,False,43,1004
104000.0,7,1337,1954,1,False,False,False,True,False,71,1337
257076.0,4,1517,1958,2,False,True,False,False,False,67,1517
263400.0,7,2341,1968,2,False,False,True,False,False,57,2341
236500.0,2,1549,1995,2,False,False,False,True,False,30,1549
116500.0,8,768,1978,2,True,False,False,False,False,47,768
126000.0,8,3386,1957,3,False,False,True,False,False,68,3386
120000.0,1,3491,1958,0,True,False,False,False,False,67,3491
119000.0,8,1265,1966,2,True,False,False,False,False,59,1265
126000.0,7,573,1972,1,True,False,False,False,False,53,573
99500.0,1,3454,1992,3,False,True,False,False,False,33,3454
165500.0,5,3132,1965,3,False,False,True,False,False,60,3132
13100.0,3,974,1970,1,True,False,False,False,False,55,974
89000.0,8,1668,1998,2,False,True,False,False,False,27,1668
80900.0,6,1875,1971,2,False,False,True,False,False,54,1875
65000.0,3,1266,1973,2,True,False,False,False,False,52,1266
294464.0,9,3801,1983,1,True,False,False,False,False,42,3801
250000.0,6,2842,1952,0,False,False,False,True,False,73,2842
300000.0,7,1700,1998,0,False,False,True,False,False,27,1700
213000.0,7,2224,1976,0,False,False,False,False,True,49,2224
100000.0,5,1018,1961,1,True,False,False,False,False,64,1018
228500.0,2,3556,1974,1,True,False,False,False,False,51,3556
241500.0,6,1466,1965,0,True,False,False,False,False,60,1466
294000.0,5,1131,1997,2,False,False,False,True,False,28,1131
264966.0,6,1013,1975,2,False,False,False,True,False,50,1013
172500.0,6,2915,1955,0,False,False,False,True,False,70,2915
218689.0,7,1715,1972,0,False,False,True,False,False,53,1715
150000.0,4,3765,2004,1,False,True,False,False,False,21,3765
180000.0,9,2161,2001,1,False,False,True,False,False,24,2161
232500.0,2,1801,1984,3,False,True,False,False,False,41,1801
195000.0,5,1314,1979,1,False,False,False,False,True,46,1314
298751.0,3,2292,1962,3,False,False,True,False,False,63,2292
370000.0,8,3736,1994,0,True,False,False,False,False,31,3736
209200.0,5,2184,2008,0,False,False,False,False,True,17,2184
146000.0,2,840,1970,2,True,False,False,False,False,55,840
160500.0,9,3803,1996,3,False,True,False,False,False,29,3803
173000.0,3,2070,1983,1,False,False,False,True,False,42,2070
124000.0,4,2789,1961,2,False,True,False,False,False,64,2789
129500.0,4,3426,1996,2,False,False,True,False,False,29,3426
105000.0,5,3633,1980,3,False,False,False,False,True,45,3633
94900.0,2,2450,1996,2,False,False,False,False,True,29,2450
152500.0,7,3215,2006,3,False,False,False,False,True,19,3215
98000.0,3,3288,1961,3,False,True,False,False,False,64,3288
128500.0,6,2109,1956,1,False,False,True,False,False,69,2109
134500.0,5,3900,1981,0,False,False,False,True,False,44,3900
137500.0,2,2088,1984,1,False,False,False,False,True,41,2088
103000.0,6,1419,1991,3,False,False,False,True,False,34,1419
167300.0,5,818,1971,3,False,False,False,False,True,54,818
161500.0,6,548,1960,1,False,False,False,False,True,65,548
160000.0,8,2523,1977,1,False,True,False,False,False,48,2523
180000.0,5,1967,1967,2,True,False,False,False,False,58,1967
178750.0,5,1823,1988,2,False,False,False,False,True,37,1823
204000.0,3,1153,2007,2,True,False,False,False,False,18,1153
160000.0,3,1004,1956,0,False,True,False,False,False,69,1004
168000.0,2,867,1961,0,False,False,False,False,True,64,867
154204.0,4,1517,1998,0,False,False,True,False,False,27,1517
182000.0,1,1277,1979,0,False,False,False,False,True,46,1277
212000.0,2,3727,1963,1,False,False,False,False,True,62,3727
349265.0,2,1497,1996,3,False,False,True,False,False,29,1497
591587.0,7,2070,1969,2,False,False,True,False,False,56,2070
155000.0,9,2362,2007,2,False,False,False,False,True,18,2362
319900.0,7,1949,1957,3,False,False,False,True,False,68,1949
441929.0,4,1561,2007,1,False,True,False,False,False,18,1561
455000.0,1,506,1966,3,False,False,False,True,False,59,506
174000.0,8,3886,1956,1,False,False,False,False,True,69,3886
176000.0,4,1097,1990,3,True,False,False,False,False,35,1097
213000.0,3,1527,1965,3,False,False,True,False,False,60,1527
192000.0,6,2623,1952,2,False,False,True,False,False,73,2623
151500.0,8,3839,1960,3,True,False,False,False,False,65,3839
192350.0,4,2961,1991,2,False,True,False,False,False,34,2961
170000.0,5,2626,1992,0,False,True,False,False,False,33,2626
174000.0,8,1223,1990,0,False,False,False,False,True,35,1223
178900.0,7,1806,1979,1,False,False,False,False,True,46,1806
155000.0,8,2911,1960,2,False,False,True,False,False,65,2911
133000.0,4,3315,1960,3,True,False,False,False,False,65,3315
128000.0,7,580,1981,2,True,False,False,False,False,44,580
155000.0,4,1687,1967,0,False,False,False,True,False,58,1687
177000.0,8,2088,2009,0,False,True,False,False,False,16,2088
113500.0,2,1413,1985,2,False,True,False,False,False,40,1413
113700.0,4,2942,1986,1,False,False,False,False,True,39,2942
142500.0,8,1712,1986,3,False,False,False,False,True,39,1712
129250.0,9,1469,1967,0,False,True,False,False,False,58,1469
356000.0,9,599,1999,2,False,False,False,True,False,26,599
322400.0,5,1421,1971,1,False,False,False,False,True,54,1421
345474.0,6,2163,1977,2,False,False,False,False,True,48,2163
492000.0,4,3726,1975,3,False,False,False,True,False,50,3726
338931.0,7,1063,1997,3,False,False,True,False,False,28,1063
450000.0,7,835,2004,3,False,True,False,False,False,21,835
479069.0,3,2831,1958,2,True,False,False,False,False,67,2831
418000.0,4,2680,1983,2,True,False,False,False,False,42,2680
500067.0,6,3930,2008,3,True,False,False,False,False,17,3930
260116.0,8,2651,1997,1,True,False,False,False,False,28,2651
319500.0,1,2789,1959,1,True,False,False,False,False,66,2789
372000.0,8,2985,1961,3,False,False,True,False,False,64,2985
342000.0,2,1504,1998,2,False,True,False,False,False,27,1504
350000.0,3,3935,1997,2,False,False,False,False,True,28,3935
281500.0,6,3167,1978,1,True,False,False,False,False,47,3167
245700.0,1,2058,1966,3,False,False,False,True,False,59,2058
232698.0,6,1872,1998,2,True,False,False,False,False,27,1872
250000.0,9,3615,1952,2,False,False,True,False,False,73,3615
204000.0,9,1530,1958,1,False,True,False,False,False,67,1530
200000.0,3,1409,1983,0,False,False,False,True,False,42,1409
207000.0,6,1729,2009,3,True,False,False,False,False,16,1729
209500.0,4,645,1998,1,False,False,True,False,False,27,645
280000.0,2,3996,1964,0,True,False,False,False,False,61,3996
221370.0,8,3185,1990,0,True,False,False,False,False,35,3185
200000.0,4,978,1951,1,False,False,False,True,False,74,978
181755.0,9,1976,1996,0,False,False,True,False,False,29,1976
176000.0,6,2310,1981,3,False,True,False,False,False,44,2310
168165.0,6,1252,1972,2,False,False,True,False,False,53,1252
171925.0,2,1654,1995,1,False,True,False,False,False,30,1654
198444.0,8,527,1950,3,False,True,False,False,False,75,527
203000.0,3,892,1962,0,False,True,False,False,False,63,892
166000.0,2,1731,1990,0,False,True,False,False,False,35,1731
177594.0,1,2087,2006,1,False,False,True,False,False,19,2087
173500.0,2,715,1950,1,False,False,False,True,False,75,715
226500.0,1,2467,1978,2,False,True,False,False,False,47,2467
185485.0,2,3379,1981,0,False,False,False,False,True,44,3379
188500.0,2,3730,1978,1,False,True,False,False,False,47,3730
175000.0,7,3073,2006,0,False,False,False,False,True,19,3073
206580.0,9,3408,2007,0,True,False,False,False,False,18,3408
165500.0,9,3490,1969,0,False,True,False,False,False,56,3490
211000.0,4,3746,2001,1,False,False,False,False,True,24,3746
219500.0,3,3745,1982,3,False,True,False,False,False,43,3745
187000.0,1,2133,1992,2,False,False,True,False,False,33,2133
185000.0,8,760,1993,3,False,False,False,True,False,32,760
384500.0,5,1384,2005,0,True,False,False,False,False,20,1384
410000.0,7,1150,1954,1,False,False,False,True,False,71,1150
322500.0,1,1896,2000,0,False,False,False,True,False,25,1896
252000.0,6,563,1967,2,False,False,True,False,False,58,563
263000.0,4,774,1979,0,False,False,False,False,True,46,774
330000.0,4,2748,1988,2,True,False,False,False,False,37,2748
213133.0,5,619,1976,1,False,False,False,True,False,49,619
260261.0,1,2862,1975,1,False,True,False,False,False,50,2862
215000.0,7,3298,1968,3,False,False,False,False,True,57,3298
419005.0,6,3969,2001,1,True,False,False,False,False,24,3969
235876.0,4,1169,1970,0,False,False,False,True,False,55,1169
260000.0,1,3138,1997,2,False,False,False,True,False,28,3138
249000.0,1,2908,2007,0,False,False,False,False,True,18,2908
250000.0,2,577,1991,2,False,True,False,False,False,34,577
221300.0,3,1200,1957,1,False,False,False,True,False,68,1200
208900.0,1,1088,1984,3,False,False,True,False,False,41,1088
210400.0,3,1753,1978,0,False,False,True,False,False,47,1753
255000.0,3,3681,1982,1,False,False,False,False,True,43,3681
212109.0,7,575,1999,3,True,False,False,False,False,26,575
310013.0,8,2525,1988,3,False,False,False,False,True,37,2525
261329.0,9,2405,1962,1,False,False,False,False,True,63,2405
253000.0,9,2444,1974,2,True,False,False,False,False,51,2444
265000.0,3,3203,1996,2,True,False,False,False,False,29,3203
146000.0,5,2986,1996,2,True,False,False,False,False,29,2986
147000.0,8,1172,1957,0,False,True,False,False,False,68,1172
149000.0,8,992,1959,1,False,False,False,True,False,66,992
181000.0,6,1778,1989,0,False,False,False,False,True,36,1778
191750.0,8,1510,1995,2,False,False,True,False,False,30,1510
128000.0,3,2919,1983,2,True,False,False,False,False,42,2919
120750.0,5,1638,1980,2,True,False,False,False,False,45,1638
145000.0,2,3941,1985,1,True,False,False,False,False,40,3941
300000.0,2,511,1984,1,False,False,False,True,False,41,511
129000.0,2,2819,1989,3,False,False,True,False,False,36,2819
147000.0,8,1805,1952,3,False,False,False,False,True,73,1805
214000.0,1,1289,1979,3,False,False,False,True,False,46,1289
166000.0,1,2698,2006,2,False,True,False,False,False,19,2698
193800.0,3,2501,1989,3,False,False,True,False,False,36,2501
194000.0,2,3536,1972,1,False,False,True,False,False,53,3536
207500.0,5,1262,1985,1,False,True,False,False,False,40,1262
176500.0,7,2383,2003,3,False,False,False,False,True,22,2383
177000.0,1,608,1950,0,False,False,True,False,False,75,608
204000.0,7,956,1976,0,True,False,False,False,False,49,956
301000.0,7,1359,1954,3,False,False,False,False,True,71,1359
312500.0,3,976,2003,2,False,False,False,True,False,22,976
279700.0,9,3291,1993,2,False,True,False,False,False,32,3291
255000.0,7,3167,1997,3,True,False,False,False,False,28,3167
373000.0,7,603,1959,1,True,False,False,False,False,66,603
143450.0,6,599,1956,0,True,False,False,False,False,69,599
240050.0,3,2962,1979,0,False,False,False,True,False,46,2962
162500.0,6,2280,1955,2,True,False,False,False,False,70,2280
164000.0,1,2282,1951,3,False,False,True,False,False,74,2282
185000.0,4,893,1972,3,True,False,False,False,False,53,893
188500.0,8,1386,1976,0,False,False,False,False,True,49,1386
255000.0,1,1320,1979,1,False,False,True,False,False,46,1320
158500.0,5,3871,1955,0,True,False,False,False,False,70,3871
127000.0,2,3397,1966,3,False,False,False,True,False,59,3397
127000.0,4,2470,1976,3,True,False,False,False,False,49,2470
103000.0,6,1924,1994,0,False,False,False,True,False,31,1924
124000.0,8,3636,1976,2,False,False,True,False,False,49,3636
140500.0,7,2318,1964,0,False,False,True,False,False,61,2318
137500.0,3,2683,1974,2,False,False,True,False,False,51,2683
117600.0,8,1962,1958,2,False,False,True,False,False,67,1962
163500.0,4,3398,1969,0,False,False,False,True,False,56,3398
161000.0,5,1855,1979,2,False,False,False,False,True,46,1855
224500.0,8,2861,2005,1,False,False,False,True,False,20,2861
147000.0,1,3520,2009,3,False,False,False,True,False,16,3520
200000.0,1,2817,1961,3,True,False,False,False,False,64,2817
138500.0,2,1468,1996,2,True,False,False,False,False,29,1468
64500.0,9,732,1971,2,False,False,False,True,False,54,732
64000.0,4,3717,1952,0,False,True,False,False,False,73,3717
112000.0,6,1694,2007,3,False,False,False,False,True,18,1694
144000.0,1,3872,1976,3,False,False,True,False,False,49,3872
126000.0,2,3798,2003,0,False,False,True,False,False,22,3798
175000.0,2,2239,1998,2,False,False,True,False,False,27,2239
158500.0,4,3403,1993,2,True,False,False,False,False,32,3403
141000.0,8,1338,1954,2,True,False,False,False,False,71,1338
131000.0,4,2754,2007,3,False,False,False,False,True,18,2754
142100.0,8,543,1972,1,False,False,False,False,True,53,543
120000.0,1,1077,1968,0,False,False,False,True,False,57,1077
174850.0,3,3522,1988,3,True,False,False,False,False,37,3522
116000.0,5,857,1951,1,False,False,True,False,False,74,857
130000.0,5,2810,1954,0,False,False,False,True,False,71,2810
129500.0,7,2669,1989,3,False,True,False,False,False,36,2669
142000.0,1,1699,1969,0,False,True,False,False,False,56,1699
128600.0,2,3744,1977,1,False,False,False,False,True,48,3744
125000.0,8,3325,1957,1,True,False,False,False,False,68,3325
136000.0,7,1015,1998,0,True,False,False,False,False,27,1015
127000.0,6,1917,2003,0,False,True,False,False,False,22,1917
115000.0,6,623,1979,3,False,False,False,False,True,46,623
116900.0,8,3055,1984,3,False,False,False,False,True,41,3055
153000.0,4,1558,1974,1,True,False,False,False,False,51,1558
112500.0,7,3061,2007,3,True,False,False,False,False,18,3061
138000.0,9,1818,1962,1,False,True,False,False,False,63,1818
156000.0,9,2754,1955,0,False,False,True,False,False,70,2754
301600.0,3,2500,1994,1,False,False,False,False,True,31,2500
128500.0,2,3410,1963,2,True,False,False,False,False,62,3410
148000.0,1,641,1998,0,False,False,False,False,True,27,641
172000.0,9,2378,1988,3,False,False,True,False,False,37,2378
120000.0,8,2594,1965,1,False,True,False,False,False,60,2594
128500.0,8,3543,1950,2,False,False,True,False,False,75,3543
102000.0,1,1355,1999,0,False,True,False,False,False,26,1355
152000.0,5,1305,2001,3,False,False,False,False,True,24,1305
140000.0,9,3294,1954,0,False,False,False,True,False,71,3294
152000.0,1,3918,1995,1,False,False,False,False,True,30,3918
156500.0,5,582,1972,2,False,False,False,True,False,53,582
99000.0,6,1018,1980,1,False,False,False,False,True,45,1018
125500.0,8,2110,1982,1,False,False,True,False,False,43,2110
130000.0,3,3999,2005,2,False,True,False,False,False,20,3999
103000.0,5,3061,1981,1,False,False,False,False,True,44,3061
127500.0,8,3022,1995,3,True,False,False,False,False,30,3022
89500.0,6,676,1986,0,False,True,False,False,False,39,676
99900.0,1,3395,1953,3,False,False,True,False,False,72,3395
130000.0,5,1925,1985,2,False,False,False,False,True,40,1925
135000.0,5,3847,1969,3,False,True,False,False,False,56,3847
85000.0,1,754,1984,1,True,False,False,False,False,41,754
137000.0,3,1671,1967,1,False,True,False,False,False,58,1671
184900.0,6,3381,1994,1,False,False,False,False,True,31,3381
145000.0,6,1935,1953,3,True,False,False,False,False,72,1935
114000.0,4,2535,1958,0,False,False,False,False,True,67,2535
144100.0,1,2264,1951,3,False,False,False,True,False,74,2264
124500.0,1,1431,1965,0,False,True,False,False,False,60,1431
185000.0,2,2813,1991,2,True,False,False,False,False,34,2813
104500.0,3,1245,1958,2,False,False,False,False,True,67,1245
110000.0,2,513,2006,0,False,False,False,True,False,19,513
136500.0,1,937,2002,2,False,False,False,False,True,23,937
128250.0,2,3898,1972,3,False,False,False,False,True,53,3898
135000.0,7,1484,1960,3,False,True,False,False,False,65,1484
128000.0,4,1278,1994,0,False,True,False,False,False,31,1278
113000.0,5,621,1962,0,False,False,False,True,False,63,621
126000.0,4,1823,1953,3,False,True,False,False,False,72,1823
132000.0,7,1913,1972,3,True,False,False,False,False,53,1913
131750.0,5,668,1962,1,False,False,False,True,False,63,668
132500.0,3,1768,1975,2,False,True,False,False,False,50,1768
200000.0,4,1283,2003,1,False,False,True,False,False,22,1283
165000.0,7,1538,1976,0,True,False,False,False,False,49,1538
90000.0,4,3017,1990,2,False,False,False,False,True,35,3017
140000.0,4,500,1991,1,True,False,False,False,False,34,500
113000.0,9,1815,1950,3,True,False,False,False,False,75,1815
117000.0,2,2133,2005,0,True,False,False,False,False,20,2133
202500.0,4,3970,2009,3,False,False,True,False,False,16,3970
212300.0,4,2298,1988,0,True,False,False,False,False,37,2298
161000.0,2,1100,2002,3,False,False,True,False,False,23,1100
99500.0,6,1527,1977,3,False,False,True,False,False,48,1527
50000.0,4,1848,1990,3,False,True,False,False,False,35,1848
219000.0,7,1625,1986,1,False,False,True,False,False,39,1625
108500.0,5,3411,1971,3,False,False,True,False,False,54,3411
130000.0,9,2447,1971,1,False,False,False,True,False,54,2447
158450.0,6,1126,1956,1,False,False,True,False,False,69,1126
115400.0,8,2525,1962,2,True,False,False,False,False,63,2525
165000.0,2,3127,1957,3,False,False,False,False,True,68,3127
123000.0,9,925,1953,2,False,False,True,False,False,72,925
119900.0,3,1281,2006,1,False,False,True,False,False,19,1281
115000.0,1,1637,1960,1,False,True,False,False,False,65,1637
134500.0,1,2949,1977,0,False,True,False,False,False,48,2949
129000.0,5,862,2007,2,True,False,False,False,False,18,862
187000.0,3,3228,1999,1,False,False,False,True,False,26,3228
158000.0,2,1470,1999,2,False,False,True,False,False,26,1470
165250.0,3,3354,1974,2,False,False,False,False,True,51,3354
150000.0,3,823,1999,2,False,False,True,False,False,26,823
137000.0,4,1807,1996,0,False,False,False,True,False,29,1807
89500.0,5,1155,1959,3,False,False,False,True,False,66,1155
182000.0,8,3302,1994,1,False,False,False,False,True,31,3302
216000.0,6,2454,1994,1,True,False,False,False,False,31,2454
130000.0,2,1246,1986,3,False,False,True,False,False,39,1246
109900.0,4,2592,1958,1,False,False,True,False,False,67,2592
255000.0,2,840,1959,0,False,True,False,False,False,66,840
154000.0,1,1064,1985,0,True,False,False,False,False,40,1064
118000.0,2,2445,1951,3,False,False,False,False,True,74,2445
80000.0,5,672,1988,3,False,False,True,False,False,37,672
130000.0,1,581,1970,3,False,False,False,True,False,55,581
125000.0,3,1145,1995,0,True,False,False,False,False,30,1145
136500.0,2,2119,1975,1,False,False,False,True,False,50,2119
96000.0,4,1211,1994,2,False,False,False,True,False,31,1211
228500.0,2,755,1975,0,False,False,True,False,False,50,755
220000.0,5,2360,1955,2,False,False,False,False,True,70,2360
250000.0,8,3921,1950,0,False,False,False,False,True,75,3921
360000.0,6,606,1989,0,False,False,False,False,True,36,606
246500.0,7,1254,2008,3,False,False,True,False,False,17,1254
217000.0,3,2127,1956,0,False,True,False,False,False,69,2127
212999.0,6,1684,1956,1,False,False,False,False,True,69,1684
175900.0,3,1437,1989,0,False,False,False,True,False,36,1437
191000.0,3,3782,2000,1,False,False,False,True,False,25,3782
207000.0,2,913,1967,0,False,True,False,False,False,58,913
279000.0,4,1888,1961,0,True,False,False,False,False,64,1888
139500.0,9,3197,1967,2,False,False,True,False,False,58,3197
175000.0,4,554,1987,0,False,False,True,False,False,38,554
146000.0,1,3452,1980,0,False,False,False,True,False,45,3452
147900.0,8,3597,2007,2,False,False,False,False,True,18,3597
235500.0,4,2709,2000,0,False,False,False,False,True,25,2709
217000.0,9,1029,1999,3,False,True,False,False,False,26,1029
190550.0,3,997,1959,1,True,False,False,False,False,66,997
217500.0,5,2979,1962,3,False,False,False,False,True,63,2979
131000.0,4,2085,1967,0,False,False,False,False,True,58,2085
153500.0,2,3634,1986,1,False,False,False,True,False,39,3634
160000.0,7,1339,1982,0,False,False,False,False,True,43,1339
134900.0,6,3524,1953,1,False,False,True,False,False,72,3524
130000.0,9,1610,2007,0,False,False,False,False,True,18,1610
120000.0,5,3055,2004,2,False,False,False,False,True,21,3055
127000.0,4,2713,1962,0,True,False,False,False,False,63,2713
117000.0,7,1789,2003,1,False,False,True,False,False,22,1789
270000.0,6,1152,1997,0,False,True,False,False,False,28,1152
213000.0,4,1612,1987,0,False,False,True,False,False,38,1612
200000.0,8,1905,2002,0,False,True,False,False,False,23,1905
228000.0,9,1897,1957,3,True,False,False,False,False,68,1897
275000.0,9,2954,1996,1,True,False,False,False,False,29,2954
211000.0,4,3756,1955,1,False,False,False,True,False,70,3756
246900.0,8,3105,1967,0,True,False,False,False,False,58,3105
179400.0,9,2325,1968,0,False,False,False,False,True,57,2325
173500.0,6,1202,1968,0,False,False,True,False,False,57,1202
167840.0,8,3064,1967,2,False,True,False,False,False,58,3064
168675.0,3,3385,1983,2,False,False,True,False,False,42,3385
167000.0,8,1137,1960,3,False,False,True,False,False,65,1137
118500.0,9,1600,1999,0,False,False,True,False,False,26,1600
110000.0,1,1181,1959,0,False,False,True,False,False,66,1181
122000.0,8,2944,1976,3,False,False,True,False,False,49,2944
110000.0,5,2698,1954,3,True,False,False,False,False,71,2698
133500.0,9,2269,1990,0,False,False,True,False,False,35,2269
141000.0,5,3925,1975,0,False,False,True,False,False,50,3925
171500.0,5,3237,2000,2,False,True,False,False,False,25,3237
183850.0,1,2942,1987,1,False,False,True,False,False,38,2942
140000.0,5,698,1957,1,False,False,True,False,False,68,698
131750.0,9,2670,1983,1,False,False,True,False,False,42,2670
61500.0,1,2564,1967,3,False,False,False,False,True,58,2564
98500.0,1,3259,1997,0,False,False,False,False,True,28,3259
108500.0,5,2959,1989,3,False,False,False,False,True,36,2959
125000.0,8,3866,1998,3,False,False,True,False,False,27,3866
79275.0,4,2655,1967,2,True,False,False,False,False,58,2655
150000.0,8,3656,1988,1,False,False,False,False,True,37,3656
136500.0,8,1949,1958,3,False,False,False,True,False,67,1949
146500.0,3,1222,1988,2,False,False,False,False,True,37,1222
148500.0,3,1127,2008,0,False,True,False,False,False,17,1127
141500.0,2,954,1973,0,True,False,False,False,False,52,954
135000.0,8,3482,2005,3,False,True,False,False,False,20,3482
238000.0,1,2661,1984,1,False,True,False,False,False,41,2661
153500.0,8,1214,1987,3,False,False,False,False,True,38,1214
188000.0,6,859,1977,0,False,True,False,False,False,48,859
140000.0,8,2332,1954,1,False,True,False,False,False,71,2332
201000.0,2,540,1952,2,True,False,False,False,False,73,540
215000.0,2,594,1995,0,False,False,False,False,True,30,594
123900.0,3,3736,1999,1,True,False,False,False,False,26,3736
170000.0,5,2646,1975,1,False,False,True,False,False,50,2646
200000.0,2,1071,1956,3,False,False,False,False,True,69,1071
198000.0,5,3149,1960,0,False,True,False,False,False,65,3149
315000.0,6,2447,1969,3,False,False,False,False,True,56,2447
141000.0,9,1196,1995,3,False,False,False,False,True,30,1196
129850.0,3,3699,1965,2,False,False,True,False,False,60,3699
150909.0,2,1454,1970,2,True,False,False,False,False,55,1454
75200.0,7,1811,2003,2,False,False,False,False,True,22,1811
68104.0,4,3364,1965,3,False,False,False,False,True,60,3364
119600.0,1,3551,2004,0,False,False,False,True,False,21,3551
140000.0,4,2674,1985,3,False,False,False,False,True,40,2674
124900.0,6,887,1997,0,True,False,False,False,False,28,887
375000.0,2,820,1957,2,False,False,False,True,False,68,820
183500.0,4,1003,1990,0,False,True,False,False,False,35,1003
215000.0,8,2203,1986,3,False,True,False,False,False,39,2203
245000.0,2,1536,1999,2,False,False,False,False,True,26,1536
210000.0,2,3400,1978,1,True,False,False,False,False,47,3400
148000.0,8,2880,1994,3,False,False,False,False,True,31,2880
143000.0,5,2156,1996,1,False,True,False,False,False,29,2156
244000.0,3,870,1959,2,False,False,False,False,True,66,870
257000.0,1,1443,1986,3,False,False,False,False,True,39,1443
231713.0,4,813,1973,0,False,True,False,False,False,52,813
267300.0,3,2697,1985,2,False,True,False,False,False,40,2697
174000.0,5,1024,1978,3,False,False,False,True,False,47,1024
180500.0,1,2531,1968,0,False,False,False,True,False,57,2531
282000.0,1,1157,1964,1,True,False,False,False,False,61,1157
178000.0,4,2971,1989,1,True,False,False,False,False,36,2971
279900.0,9,2147,1970,0,False,True,False,False,False,55,2147
392000.0,4,2193,1986,2,True,False,False,False,False,39,2193
130000.0,1,2987,1958,0,True,False,False,False,False,67,2987
140000.0,5,2997,1998,2,False,False,False,True,False,27,2997
85500.0,5,1817,1989,2,False,True,False,False,False,36,1817
106500.0,1,3060,1963,1,False,False,False,True,False,62,3060
93900.0,3,1291,2005,3,False,False,False,False,True,20,1291
75190.0,6,1409,1993,2,False,True,False,False,False,32,1409
153500.0,6,636,1990,1,False,False,True,False,False,35,636
188000.0,9,3016,1971,1,True,False,False,False,False,54,3016
196000.0,3,2601,2009,0,True,False,False,False,False,16,2601
157000.0,8,2758,1997,3,False,True,False,False,False,28,2758
138000.0,4,2884,1982,3,False,False,True,False,False,43,2884
80000.0,7,2940,1982,3,False,True,False,False,False,43,2940
135000.0,2,3962,1980,3,True,False,False,False,False,45,3962
139000.0,1,911,1959,3,True,False,False,False,False,66,911
124500.0,3,3737,1977,1,False,True,False,False,False,48,3737
149900.0,3,919,1978,3,False,False,False,False,True,47,919
157500.0,6,2898,2006,1,False,False,False,True,False,19,2898
169000.0,6,1472,1993,3,False,True,False,False,False,32,1472
252000.0,2,2849,1973,3,False,False,False,False,True,52,2849
192100.0,3,3886,1978,1,False,False,True,False,False,47,3886
183500.0,9,3723,2006,3,True,False,False,False,False,19,3723
170000.0,8,3314,1952,2,True,False,False,False,False,73,3314
202000.0,4,3814,1970,0,False,True,False,False,False,55,3814
250000.0,8,1246,1972,2,False,False,True,False,False,53,1246
309000.0,4,1468,1982,1,False,True,False,False,False,43,1468
270000.0,2,3562,1957,3,False,False,False,True,False,68,3562
183500.0,1,3012,2006,2,False,True,False,False,False,19,3012
130000.0,2,3817,1971,3,True,False,False,False,False,54,3817
457347.0,1,3441,1970,1,True,False,False,False,False,55,3441
545224.0,9,2054,1969,0,False,False,False,False,True,56,2054
356383.0,9,1470,1975,1,False,False,False,True,False,50,1470
535000.0,6,2435,1997,3,False,False,False,False,True,28,2435
401179.0,4,986,1987,1,False,False,False,True,False,38,986
318000.0,4,2417,1974,1,True,False,False,False,False,51,2417
470000.0,2,1356,1969,3,False,True,False,False,False,56,1356
169000.0,1,2520,2005,2,True,False,False,False,False,20,2520
188900.0,7,2275,1992,1,False,False,False,False,True,33,2275
172000.0,2,3380,1963,1,False,False,False,False,True,62,3380
294323.0,7,3959,1994,3,False,True,False,False,False,31,3959
184500.0,6,3464,1977,1,False,False,True,False,False,48,3464
155000.0,8,1507,1972,1,True,False,False,False,False,53,1507
97500.0,1,3747,1977,1,False,False,False,False,True,48,3747
190000.0,2,2994,1953,1,False,False,True,False,False,72,2994
105500.0,5,853,2007,2,False,False,True,False,False,18,853
125500.0,6,3596,1983,3,True,False,False,False,False,42,3596
116000.0,2,3270,1979,0,False,False,False,False,True,46,3270
89000.0,7,2332,1971,0,False,False,True,False,False,54,2332
108000.0,6,2685,1952,0,False,False,False,False,True,73,2685
146300.0,5,1852,1988,0,False,False,True,False,False,37,1852
145000.0,5,3771,1974,2,True,False,False,False,False,51,3771
137500.0,5,2531,1967,1,True,False,False,False,False,58,2531
144000.0,8,797,1963,1,False,False,False,False,True,62,797
412083.0,3,2311,1959,2,True,False,False,False,False,66,2311
252000.0,3,3274,1991,3,False,False,False,True,False,34,3274
293000.0,7,1847,1975,0,True,False,False,False,False,50,1847
415000.0,6,2539,1987,2,False,True,False,False,False,38,2539
300000.0,4,2498,1964,2,True,False,False,False,False,61,2498
338500.0,1,3699,1979,3,False,False,False,False,True,46,3699
344133.0,9,2251,1997,3,False,False,True,False,False,28,2251
298236.0,9,735,1957,0,False,False,False,True,False,68,735
329900.0,2,1548,2008,2,False,False,False,False,True,17,1548
372397.0,9,2199,1977,1,False,False,False,False,True,48,2199
378000.0,8,2414,1978,2,False,False,True,False,False,47,2414
279000.0,6,1044,1972,0,False,False,True,False,False,53,1044
282500.0,8,1302,1954,0,False,True,False,False,False,71,1302
332200.0,5,2078,1953,0,False,False,False,False,True,72,2078
310090.0,1,1360,1974,3,False,False,False,True,False,51,1360
170440.0,8,2585,1989,2,False,True,False,False,False,36,2585
169985.0,3,728,1976,3,False,True,False,False,False,49,728
174190.0,4,1350,2008,0,False,False,False,True,False,17,1350
258000.0,6,1579,1959,1,False,False,True,False,False,66,1579
185101.0,5,2398,2009,0,False,False,True,False,False,16,2398
210250.0,1,3095,1991,1,False,False,False,False,True,34,3095
246990.0,5,855,2002,2,False,True,False,False,False,23,855
225000.0,6,3637,2005,0,False,False,False,True,False,20,3637
156820.0,9,2897,1957,0,False,False,False,True,False,68,2897
201490.0,2,2184,1970,1,False,False,False,True,False,55,2184
215000.0,5,1753,1961,2,False,True,False,False,False,64,1753
287602.0,9,2903,1956,1,True,False,False,False,False,69,2903
286000.0,1,1314,1978,2,True,False,False,False,False,47,1314
300000.0,2,3926,1995,1,False,False,False,False,True,30,3926
405000.0,2,591,1952,1,False,True,False,False,False,73,591
350000.0,9,2610,1989,3,False,True,False,False,False,36,2610
584500.0,5,2610,2007,0,True,False,False,False,False,18,2610
321000.0,1,997,2008,1,False,False,True,False,False,17,997
315000.0,4,2799,1977,2,True,False,False,False,False,48,2799
252000.0,1,3138,1981,1,False,True,False,False,False,44,3138
336820.0,8,1374,1985,2,False,False,False,True,False,40,1374
199000.0,1,2706,1962,1,False,True,False,False,False,63,2706
198600.0,9,3919,1950,3,False,False,False,False,True,75,3919
405749.0,2,551,1973,3,True,False,False,False,False,52,551
200825.0,3,3064,1955,3,False,False,False,False,True,70,3064
139500.0,9,2232,2005,0,True,False,False,False,False,20,2232
186800.0,6,1402,1950,1,True,False,False,False,False,75,1402
132000.0,9,3831,1985,2,False,False,False,False,True,40,3831
184000.0,3,3227,1960,3,False,False,False,False,True,65,3227
184900.0,2,3040,1979,2,False,False,False,True,False,46,3040
187000.0,4,3672,1967,0,False,False,False,False,True,58,3672
248500.0,6,2959,1998,2,False,False,True,False,False,27,2959
172000.0,1,800,1990,3,False,True,False,False,False,35,800
151000.0,3,2804,1968,3,False,False,False,True,False,57,2804
150000.0,6,2366,2009,0,True,False,False,False,False,16,2366
129500.0,9,3281,2002,1,False,False,True,False,False,23,3281
119500.0,7,1346,1997,2,False,False,False,False,True,28,1346
144000.0,3,1652,1960,0,False,False,False,False,True,65,1652
126000.0,8,3828,1969,1,False,False,True,False,False,56,3828
116000.0,8,2644,1987,1,False,True,False,False,False,38,2644
133500.0,2,2408,1963,0,False,False,True,False,False,62,2408
120875.0,9,2577,2007,0,True,False,False,False,False,18,2577
124000.0,5,3961,1953,1,False,False,True,False,False,72,3961
129200.0,4,2617,1986,1,False,False,False,True,False,39,2617
260000.0,4,1197,1953,0,False,False,True,False,False,72,1197
334000.0,3,1810,1985,0,False,False,True,False,False,40,1810
176400.0,1,3334,1957,1,True,False,False,False,False,68,3334
147400.0,5,1118,2004,3,True,False,False,False,False,21,1118
166000.0,7,516,1960,1,False,True,False,False,False,65,516
139000.0,5,2411,1970,2,True,False,False,False,False,55,2411
200000.0,4,3909,1978,2,True,False,False,False,False,47,3909
221000.0,3,1727,1958,0,True,False,False,False,False,67,1727
146500.0,4,2557,1958,3,False,False,True,False,False,67,2557
164500.0,2,2429,1967,0,False,False,True,False,False,58,2429
142000.0,2,3278,1967,3,True,False,False,False,False,58,3278
155000.0,3,1600,1955,1,False,False,False,False,True,70,1600
157500.0,8,2228,1981,3,True,False,False,False,False,44,2228
140000.0,3,1755,1979,1,True,False,False,False,False,46,1755
124400.0,8,2448,2009,0,False,True,False,False,False,16,2448
158000.0,1,2282,1966,0,True,False,False,False,False,59,2282
185900.0,2,3393,2007,0,True,False,False,False,False,18,3393
167000.0,9,1355,2002,0,False,True,False,False,False,23,1355
157500.0,1,3502,1972,1,True,False,False,False,False,53,3502
151500.0,6,3181,1985,3,True,False,False,False,False,40,3181
129800.0,3,3983,2000,2,False,False,False,True,False,25,3983
137000.0,9,2399,1985,2,False,True,False,False,False,40,2399
161000.0,1,653,1966,0,False,True,False,False,False,59,653
146500.0,5,2504,2003,0,False,False,False,True,False,22,2504
135000.0,1,2659,1977,2,False,True,False,False,False,48,2659
137000.0,4,2112,1982,1,False,False,False,False,True,43,2112
121000.0,9,2060,1997,1,False,False,True,False,False,28,2060
119000.0,2,1558,1952,3,False,False,True,False,False,73,1558
172000.0,7,576,1961,3,False,True,False,False,False,64,576
135000.0,5,3759,1968,0,False,False,True,False,False,57,3759
132000.0,7,1475,1974,0,True,False,False,False,False,51,1475
162000.0,7,1327,1974,2,True,False,False,False,False,51,1327
148000.0,5,3849,1950,3,False,False,False,False,True,75,3849
153000.0,8,3058,1995,0,False,False,False,True,False,30,3058
156000.0,3,2912,1958,2,False,False,True,False,False,67,2912
139500.0,9,2048,1973,1,False,False,False,False,True,52,2048
155000.0,1,3428,1951,3,False,False,True,False,False,74,3428
127000.0,9,3670,2009,0,True,False,False,False,False,16,3670
133500.0,7,1145,1979,3,False,False,False,False,True,46,1145
125000.0,3,2160,1997,3,False,False,False,False,True,28,2160
142000.0,7,3219,1988,2,False,False,False,True,False,37,3219
167000.0,6,2390,1988,0,True,False,False,False,False,37,2390
159000.0,4,2827,1994,3,False,False,False,False,True,31,2827
180000.0,8,2055,2000,3,True,False,False,False,False,25,2055
127000.0,9,3145,2000,0,True,False,False,False,False,25,3145
99800.0,4,3363,1967,3,False,True,False,False,False,58,3363
68000.0,9,2542,1969,2,False,True,False,False,False,56,2542
86900.0,9,568,1975,3,False,False,False,True,False,50,568
155500.0,5,1725,1955,0,True,False,False,False,False,70,1725
80000.0,5,1443,2009,2,False,True,False,False,False,16,1443
165000.0,2,2494,1996,3,False,False,True,False,False,29,2494
147000.0,1,3278,1971,0,True,False,False,False,False,54,3278
183000.0,8,975,1984,0,False,False,False,False,True,41,975
157500.0,7,1796,1983,0,True,False,False,False,False,42,1796
277500.0,3,2262,1988,3,False,False,False,False,True,37,2262
147500.0,2,3722,2000,2,False,False,False,True,False,25,3722
81400.0,1,1649,1977,3,False,True,False,False,False,48,1649
119000.0,7,1552,1991,0,False,False,True,False,False,34,1552
146000.0,2,784,1987,1,False,True,False,False,False,38,784
120000.0,7,3173,1999,2,False,False,False,False,True,26,3173
105000.0,8,3417,1954,1,False,False,False,True,False,71,3417
124000.0,2,3149,1969,1,False,False,False,False,True,56,3149
169000.0,6,1657,2001,2,False,False,False,True,False,24,1657
135000.0,3,2102,1983,2,False,False,False,True,False,42,2102
111500.0,1,1943,1971,3,False,False,True,False,False,54,1943
156500.0,3,1215,1954,1,False,False,True,False,False,71,1215
139900.0,7,3495,2001,3,False,True,False,False,False,24,3495
105000.0,7,3137,1975,3,False,False,True,False,False,50,3137
111500.0,4,2519,2001,3,False,False,False,False,True,24,2519
108000.0,6,3244,1957,2,False,False,False,False,True,68,3244
111500.0,5,2002,2006,1,False,False,False,True,False,19,2002
105000.0,8,3833,1986,0,False,True,False,False,False,39,3833
96900.0,4,2577,2001,2,False,True,False,False,False,24,2577
135500.0,3,2639,1981,2,False,True,False,False,False,44,2639
139000.0,7,2541,1997,1,False,False,False,True,False,28,2541
61500.0,2,949,1952,1,False,False,True,False,False,73,949
120000.0,6,1841,2007,1,True,False,False,False,False,18,1841
64000.0,2,988,1975,1,False,False,False,False,True,50,988
155000.0,4,3726,1962,1,False,False,False,True,False,63,3726
93500.0,2,3856,2002,0,False,False,False,False,True,23,3856
125000.0,1,1499,2007,3,False,False,True,False,False,18,1499
64500.0,8,2971,1955,3,False,False,True,False,False,70,2971
202500.0,4,605,1985,2,False,False,False,True,False,40,605
75000.0,7,3235,1980,3,False,False,False,True,False,45,3235
110000.0,5,2657,2002,3,True,False,False,False,False,23,2657
109000.0,5,2452,2002,3,False,True,False,False,False,23,2452
220000.0,4,877,1959,0,True,False,False,False,False,66,877
107000.0,6,760,1999,0,False,False,False,True,False,26,760
116500.0,5,1962,2001,3,True,False,False,False,False,24,1962
72000.0,5,2932,1967,1,False,False,False,False,True,58,2932
90000.0,1,767,2006,3,False,False,True,False,False,19,767
137500.0,1,679,1979,1,False,False,True,False,False,46,679
150000.0,6,1111,1961,2,True,False,False,False,False,64,1111
131000.0,1,1464,1984,1,False,True,False,False,False,41,1464
125000.0,7,3045,1993,0,False,False,False,True,False,32,3045
80000.0,4,1232,2006,2,False,False,True,False,False,19,1232
157000.0,9,3422,2008,0,True,False,False,False,False,17,3422
153600.0,7,1412,1993,0,False,False,False,True,False,32,1412
132000.0,3,1384,1983,0,False,False,True,False,False,42,1384
142500.0,2,1594,2008,3,True,False,False,False,False,17,1594
165000.0,8,3308,1978,0,False,False,False,True,False,47,3308
160500.0,8,2643,1972,0,False,True,False,False,False,53,2643
156500.0,7,1526,1975,0,True,False,False,False,False,50,1526
157000.0,8,1008,1977,3,True,False,False,False,False,48,1008
105000.0,6,3845,1967,3,True,False,False,False,False,58,3845
278000.0,9,3814,1983,0,False,False,True,False,False,42,3814
164000.0,9,2708,1983,0,False,True,False,False,False,42,2708
130000.0,2,2773,2002,2,False,True,False,False,False,23,2773
148400.0,5,1946,1975,0,True,False,False,False,False,50,1946
146000.0,7,3128,1970,1,True,False,False,False,False,55,3128
128000.0,5,2386,2009,3,False,True,False,False,False,16,2386
235000.0,3,3832,1957,2,False,False,False,True,False,68,3832
415000.0,8,1519,1950,1,True,False,False,False,False,75,1519
182000.0,9,2883,1962,0,False,True,False,False,False,63,2883
135000.0,6,1651,1999,2,False,False,True,False,False,26,1651
137000.0,8,777,1957,2,False,True,False,False,False,68,777
149900.0,7,1895,1994,3,False,False,False,True,False,31,1895
209000.0,4,1626,1973,1,True,False,False,False,False,52,1626
224500.0,4,2302,1988,2,False,True,False,False,False,37,2302
229800.0,8,772,1952,3,False,False,False,False,True,73,772
183600.0,3,2550,2009,1,True,False,False,False,False,16,2550
233555.0,9,2338,1959,3,True,False,False,False,False,66,2338
294900.0,2,1201,1980,3,False,False,False,False,True,45,1201
209700.0,4,2722,2000,2,True,False,False,False,False,25,2722
225000.0,3,1634,1976,3,False,False,True,False,False,49,1634
181000.0,2,2836,1962,2,False,False,True,False,False,63,2836
158900.0,8,731,1968,0,False,False,False,True,False,57,731
145000.0,9,2443,1989,0,False,False,False,True,False,36,2443
187000.0,8,885,1999,0,False,True,False,False,False,26,885
193000.0,6,3864,1979,0,False,True,False,False,False,46,3864
196000.0,8,764,2008,1,False,False,True,False,False,17,764
217000.0,8,2083,1996,2,True,False,False,False,False,29,2083
157500.0,2,3407,1988,2,False,False,False,False,True,37,3407
174000.0,6,1524,2005,0,False,False,True,False,False,20,1524
119900.0,7,663,1956,3,False,False,False,True,False,69,663
222000.0,6,3598,1952,2,False,False,False,True,False,73,3598
214000.0,9,1714,1999,0,False,False,False,True,False,26,1714
220000.0,9,2403,1963,3,False,False,False,False,True,62,2403
197000.0,2,3496,2006,0,False,False,False,True,False,19,3496
268500.0,6,2186,2001,2,False,False,False,True,False,24,2186
210900.0,3,3219,1966,0,False,True,False,False,False,59,3219
227000.0,6,2385,1981,3,True,False,False,False,False,44,2385
237000.0,2,2807,1958,1,True,False,False,False,False,67,2807
133000.0,9,759,1991,0,False,False,False,False,True,34,759
207000.0,2,1878,1989,0,False,False,False,True,False,36,1878
203160.0,8,1640,1981,1,False,True,False,False,False,44,1640
195800.0,9,664,1975,3,True,False,False,False,False,50,664
198000.0,6,2974,1968,0,False,False,False,False,True,57,2974
98000.0,1,866,1969,0,False,True,False,False,False,56,866
127500.0,2,1544,1978,3,False,False,False,True,False,47,1544
119900.0,6,1757,1951,0,False,False,False,False,True,74,1757
196500.0,2,2681,2007,3,False,True,False,False,False,18,2681
117250.0,5,3276,1976,1,True,False,False,False,False,49,3276
229000.0,9,1523,2001,3,False,False,True,False,False,24,1523
142500.0,3,3655,1980,0,True,False,False,False,False,45,3655
134000.0,9,1194,1971,3,False,False,True,False,False,54,1194
97900.0,4,1241,2002,0,False,False,False,False,True,23,1241
92000.0,4,3831,1961,2,False,True,False,False,False,64,3831
107000.0,8,1675,1985,1,False,True,False,False,False,40,1675
125000.0,5,3620,1984,1,False,True,False,False,False,41,3620
83000.0,9,3410,2004,3,False,False,False,True,False,21,3410
35000.0,4,1170,1950,1,True,False,False,False,False,75,1170
121000.0,4,1741,2007,0,False,False,True,False,False,18,1741
137000.0,2,2427,1974,1,False,False,False,True,False,51,2427
128000.0,8,1152,1996,1,False,False,False,False,True,29,1152
160000.0,6,740,1982,0,False,False,False,False,True,43,740
149000.0,6,1423,1990,2,False,False,False,True,False,35,1423
167000.0,8,704,2008,3,False,False,True,False,False,17,704
131000.0,8,1214,1954,1,False,False,False,False,True,71,1214
112000.0,4,927,1979,1,True,False,False,False,False,46,927
195000.0,3,738,2001,1,False,False,False,False,True,24,738
194000.0,2,3303,2004,1,False,False,True,False,False,21,3303
218000.0,3,543,2006,0,True,False,False,False,False,19,543
199500.0,6,2298,2002,1,False,False,False,True,False,23,2298
210000.0,9,1211,1968,0,False,False,True,False,False,57,1211
257000.0,9,3060,2002,3,True,False,False,False,False,23,3060
102000.0,9,1063,1987,0,True,False,False,False,False,38,1063
145400.0,3,1174,1989,3,True,False,False,False,False,36,1174
72000.0,3,3412,1952,2,False,False,True,False,False,73,3412
85000.0,9,3595,2001,1,False,True,False,False,False,24,3595
139000.0,5,1972,1983,1,False,False,False,False,True,42,1972
51689.0,2,2235,1975,1,False,True,False,False,False,50,2235
115000.0,2,1286,1977,2,False,False,False,False,True,48,1286
78000.0,1,1300,1995,1,False,False,True,False,False,30,1300
375000.0,3,502,1972,3,False,False,False,False,True,53,502
300000.0,2,3840,1992,0,False,False,True,False,False,33,3840
242500.0,8,2100,1999,1,True,False,False,False,False,26,2100
145000.0,1,1394,1956,2,False,False,False,True,False,69,1394
209000.0,3,1264,2003,1,False,True,False,False,False,22,1264
148000.0,4,3644,1979,2,False,True,False,False,False,46,3644
250764.0,5,2295,1982,1,False,False,True,False,False,43,2295
202000.0,4,3969,1989,2,False,False,False,False,True,36,3969
320000.0,1,1394,1973,1,False,False,False,False,True,52,1394
359900.0,1,2510,1987,1,False,False,False,True,False,38,2510
81500.0,7,631,1960,3,True,False,False,False,False,65,631
215000.0,5,1754,1959,2,False,False,False,False,True,66,1754
104500.0,4,3002,1951,3,False,False,False,False,True,74,3002
126500.0,4,2952,1950,1,True,False,False,False,False,75,2952
146500.0,2,1326,1953,2,False,False,False,True,False,72,1326
73000.0,1,2550,1975,3,False,False,False,False,True,50,2550
79400.0,8,1481,1990,1,False,False,True,False,False,35,1481
140000.0,9,675,1962,3,True,False,False,False,False,63,675
87550.0,7,2035,1953,0,False,False,False,False,True,72,2035
79500.0,3,610,1984,2,False,False,False,True,False,41,610
90500.0,9,2118,1977,2,False,True,False,False,False,48,2118
71000.0,9,754,1999,1,False,False,True,False,False,26,754
131000.0,7,2116,1951,3,False,False,True,False,False,74,2116
132000.0,5,2861,1958,3,False,False,True,False,False,67,2861
188000.0,2,1813,1988,3,False,False,True,False,False,37,1813
